# Blender 4.4.3
# www.blender.org
mtllib Shiba.mtl
o Box002
v 0.219030 -0.013486 0.472214
v 0.260912 0.036257 0.459203
v 0.321141 0.031715 0.437516
v 0.368665 -0.007861 0.421794
v 0.371052 -0.073089 0.420710
v 0.353993 -0.108803 0.434807
v 0.289780 -0.124830 0.448902
v 0.251017 -0.108126 0.485227
v 0.218488 -0.067024 0.484144
v 0.187586 0.040933 0.523720
v 0.167524 -0.019788 0.556248
v 0.237193 0.100229 0.489022
v 0.323175 0.102026 0.455408
v 0.387911 0.079697 0.433724
v 0.440228 -0.082677 0.423964
v 0.404600 -0.143941 0.458120
v 0.329901 -0.162510 0.504745
v 0.244781 -0.146517 0.562213
v 0.203850 -0.099044 0.572515
v 0.451342 -0.013961 0.411495
v 0.164815 -0.067532 0.596911
v 0.450258 0.050962 0.409325
v 0.127948 0.071292 0.541610
v 0.197343 0.155868 0.497696
v 0.308485 0.185145 0.444023
v 0.420710 0.155597 0.399568
v 0.506912 0.082406 0.368121
v 0.530227 -0.024125 0.378422
v 0.508540 -0.124459 0.422880
v 0.444294 -0.195751 0.474926
v 0.348874 -0.215235 0.526973
v 0.250204 -0.197208 0.596369
v 0.191923 -0.129846 0.633234
v 0.118190 -0.063975 0.648956
v 0.104804 0.000000 0.581730
v 0.052521 -0.000948 0.601790
v 0.054046 -0.051504 0.682029
v 0.120357 -0.103010 0.708053
v 0.175114 -0.154784 0.684196
v 0.227704 -0.227569 0.660342
v 0.069345 0.074274 0.551911
v 0.061534 -0.076986 0.734618
v 0.069125 -0.112767 0.775279
v 0.116562 -0.143941 0.760098
v 0.142586 -0.173558 0.731365
v 0.161291 -0.232381 0.730279
v 0.062347 -0.177353 0.798591
v 0.108430 -0.184739 0.769858
v 0.064517 -0.244037 0.770942
v 0.108159 -0.229738 0.757931
v 0.051775 -0.302996 0.764435
v 0.114395 -0.299471 0.756303
v 0.176742 -0.294388 0.729737
v 0.236378 -0.294117 0.664679
v 0.284089 -0.283207 0.595827
v 0.057875 -0.372189 0.742750
v 0.121443 -0.378422 0.736244
v 0.170236 -0.375169 0.712389
v 0.367919 -0.276836 0.532936
v 0.481770 -0.260235 0.475467
v 0.591488 -0.222657 0.401193
v 0.235836 -0.365327 0.650042
v 0.286527 -0.359092 0.590946
v 0.375846 -0.357211 0.532394
v 0.052861 -0.425318 0.690161
v 0.107618 -0.429928 0.672813
v 0.160614 -0.419627 0.655463
v 0.056114 -0.489835 0.672813
v 0.158309 -0.468692 0.612091
v 0.110600 -0.485769 0.645161
v 0.209270 -0.420169 0.614800
v 0.194770 -0.486853 0.581730
v 0.278124 -0.424641 0.573598
v 0.368867 -0.442735 0.524262
v 0.256710 -0.514029 0.547574
v 0.348332 -0.554012 0.499866
v 0.067262 -0.550828 0.586609
v 0.135267 -0.533682 0.576852
v 0.490648 -0.351113 0.473300
v 0.479804 -0.455612 0.459745
v 0.432909 -0.581459 0.437516
v 0.091318 0.176336 0.511251
v 0.000000 0.187044 0.510165
v 0.237464 0.595283 -0.250950
v 0.354424 0.705883 -0.306859
v 0.427133 0.645703 -0.270534
v 0.365039 0.566550 -0.206017
v 0.469243 0.786393 -0.310111
v 0.496342 0.704257 -0.285714
v 0.526158 0.825693 -0.324749
v 0.548116 0.717404 -0.291137
v 0.585255 0.815941 -0.331798
v 0.643536 0.692668 -0.326377
v 0.576037 0.634862 -0.278666
v 0.680401 0.547439 -0.331256
v 0.591217 0.540526 -0.255895
v 0.696947 0.350091 -0.291657
v 0.594741 0.431825 -0.210356
v 0.506370 0.622935 -0.283547
v 0.468148 0.507998 -0.258607
v 0.096503 -0.622460 0.531852
v 0.191110 -0.576918 0.540526
v 0.132826 -0.697480 0.480890
v 0.248509 -0.641637 0.494443
v 0.317430 -0.715099 0.413120
v 0.174573 -0.781243 0.397940
v 0.605585 -0.344131 0.394687
v 0.590202 -0.470249 0.374627
v 0.535647 -0.614259 0.339388
v 0.372460 -0.805368 0.271076
v 0.189218 -0.848549 0.288637
v 0.000000 0.297912 0.453783
v 0.140130 0.273516 0.455950
v 0.258336 0.279752 0.415290
v 0.393603 0.250000 0.365412
v 0.611278 0.079764 0.275413
v 0.637029 -0.033750 0.300895
v 0.693105 -0.203630 0.295716
v 0.704038 -0.332917 0.280971
v 0.683199 -0.463978 0.262997
v 0.635946 -0.586880 0.243968
v 0.588779 -0.673084 0.221198
v 0.505828 -0.743292 0.235294
v 0.367579 -0.852264 0.134454
v 0.178910 -0.890215 0.181621
v 0.737494 -0.025922 0.148735
v 0.771905 -0.171895 0.138607
v 0.778876 -0.315611 0.125394
v 0.755304 -0.452883 0.109616
v 0.710762 -0.581730 0.087829
v 0.694602 0.094942 0.147174
v 0.532707 0.290629 0.204960
v 0.490919 0.216183 0.316617
v 0.568311 0.173354 0.269450
v 0.634509 0.203010 0.155277
v 0.405124 0.346165 0.261318
v 0.254947 0.379779 0.312822
v 0.133371 0.387096 0.351315
v 0.000000 0.384658 0.373002
v 0.000000 0.492817 0.198971
v 0.135538 0.478992 0.199513
v 0.243697 0.468421 0.161020
v 0.388453 0.431012 0.130659
v 0.570900 0.349501 0.053160
v 0.673046 0.238767 0.018371
v 0.741571 0.121612 -0.000608
v 0.792120 -0.011723 -0.016466
v 0.820294 -0.158566 -0.034251
v 0.823871 -0.302383 -0.052001
v 0.805639 -0.427894 -0.081323
v 0.747629 -0.587966 -0.119816
v 0.641366 -0.692872 0.081865
v 0.646789 -0.715372 -0.021687
v 0.451658 -0.875770 -0.106403
v 0.148007 -0.913528 0.061264
v 0.148551 -0.966118 -0.001084
v 0.230957 0.575224 -0.166441
v 0.344537 0.541068 -0.122527
v 0.457307 0.492276 -0.136622
v 0.591666 0.407853 -0.163891
v 0.694391 0.305532 -0.218180
v 0.577121 0.815838 -0.374426
v 0.621849 0.683112 -0.401193
v 0.649498 0.538630 -0.412003
v 0.690982 0.379724 -0.385866
v 0.523585 0.831663 -0.369207
v 0.453918 0.798591 -0.366766
v 0.335457 0.698835 -0.366766
v 0.214964 0.578477 -0.369749
v 0.546033 0.768689 -0.418879
v 0.556248 0.682029 -0.448902
v 0.566550 0.551370 -0.481432
v 0.588335 0.384529 -0.074572
v 0.444836 0.465168 -0.024938
v 0.688013 0.271527 -0.111228
v 0.274465 0.513418 0.010302
v 0.149499 0.555165 -0.020059
v 0.124965 0.587151 -0.146923
v 0.143128 0.590946 -0.256846
v 0.146923 0.576308 -0.378220
v 0.000000 0.593658 -0.370290
v 0.755393 0.155200 -0.148202
v 0.807836 0.008347 -0.181770
v 0.830289 -0.151289 -0.210092
v 0.824157 -0.312005 -0.230913
v 0.743237 0.190572 -0.298077
v 0.781492 0.032131 -0.344702
v 0.793976 -0.140488 -0.382353
v 0.709178 0.230908 -0.433672
v 0.722382 0.049163 -0.497712
v 0.477906 -0.831577 -0.037589
v 0.604370 -0.761037 -0.135174
v 0.561256 -0.806046 -0.209628
v 0.682584 -0.662898 -0.270754
v 0.621169 -0.716640 -0.338026
v 0.701231 -0.564098 -0.404537
v 0.635211 -0.624949 -0.460374
v 0.673484 -0.458468 -0.538823
v 0.605396 -0.534439 -0.586332
v 0.598339 -0.362043 -0.669622
v 0.538103 -0.444509 -0.705064
v 0.530768 -0.792899 0.052590
v 0.744915 -0.374563 -0.461224
v 0.776196 -0.470435 -0.303484
v 0.790788 -0.259788 -0.390350
v 0.664659 -0.264756 -0.620079
v 0.493572 -0.284149 -0.777219
v 0.451407 -0.367330 -0.804978
v 0.184603 -0.212524 -0.923285
v 0.164815 -0.286256 -0.937924
v 0.544523 -0.178541 -0.749828
v 0.187857 -0.094878 -0.916781
v 0.000000 -0.089455 -0.937924
v 0.722271 -0.138158 -0.539713
v 0.594164 -0.042490 -0.694866
v 0.207103 0.027243 -0.894552
v 0.551243 0.447207 -0.540730
v 0.639590 0.425498 -0.464984
v 0.638575 0.283141 -0.536429
v 0.509990 0.347091 -0.626790
v 0.629075 0.113873 -0.616881
v 0.505822 0.172454 -0.716127
v 0.423166 0.035244 -0.807833
v 0.382635 -0.118568 -0.847976
v 0.360093 -0.232603 -0.861183
v 0.334544 -0.306815 -0.878759
v 0.000000 0.208187 -0.862024
v 0.221742 0.195040 -0.837626
v 0.211982 0.347249 -0.747629
v 0.000000 0.363513 -0.758473
v 0.401633 0.189709 -0.774097
v 0.000000 0.482516 -0.625644
v 0.183249 0.470589 -0.620223
v 0.154243 0.540526 -0.494985
v 0.373126 0.341446 -0.702405
v 0.395630 0.448970 -0.607428
v 0.228246 0.539442 -0.490648
v 0.413120 0.560856 -0.529141
v 0.448360 0.675251 -0.472214
v 0.478562 0.773001 -0.423296
v 0.316144 0.611005 -0.464626
v 0.377474 0.687449 -0.443481
v 0.302520 0.517484 -0.547033
v 0.224180 -0.026295 0.429928
v 0.262402 0.014536 0.437516
v 0.315533 0.012460 0.427217
v 0.352128 -0.018949 0.415832
v 0.355110 -0.066600 0.413120
v 0.338033 -0.098002 0.424506
v 0.287204 -0.108834 0.420710
v 0.242343 -0.099756 0.427217
v 0.219301 -0.069396 0.424506
v 0.278666 -0.058552 0.380592
v 0.323124 -0.879372 0.025482
v 0.306315 -0.930334 -0.035240
v 0.460940 -2.122010 -0.097704
v 0.462590 -2.184340 -0.124699
v 0.525925 -2.128690 -0.079244
v 0.525335 -2.185263 -0.104473
v 0.597393 -2.114442 -0.095100
v 0.585319 -2.179599 -0.124303
v 0.657979 -2.112841 -0.112345
v 0.636527 -2.181959 -0.136017
v 0.705763 -2.105164 -0.161493
v 0.688351 -2.183567 -0.200950
v 0.399643 -2.127580 -0.123251
v 0.408199 -2.190060 -0.147967
v 0.348108 -2.130247 -0.167227
v 0.359682 -2.186512 -0.184965
v 0.326743 -2.135361 -0.241008
v 0.354593 -2.192641 -0.259790
v 0.321087 -2.136802 -0.327236
v 0.351033 -2.182095 -0.339410
v 0.732364 -2.102631 -0.230533
v 0.706971 -2.172781 -0.244079
v 0.533822 -2.220821 -0.175077
v 0.587151 -2.207639 -0.193934
v 0.642030 -2.208618 -0.186260
v 0.475574 -2.210715 -0.186155
v 0.410593 -2.220501 -0.213614
v 0.353207 -2.074895 -0.188101
v 0.400482 -2.065028 -0.148926
v 0.462996 -2.058646 -0.118949
v 0.525927 -2.057032 -0.099463
v 0.585761 -2.059734 -0.110973
v 0.327647 -2.087656 -0.245101
v 0.654381 -2.050523 -0.133781
v 0.693207 -2.055739 -0.172267
v 0.721918 -2.057367 -0.231666
v 0.529740 -2.010806 -0.148113
v 0.633401 -2.011981 -0.171879
v 0.677085 -2.015370 -0.206179
v 0.704115 -2.018696 -0.243966
v 0.579434 -2.014140 -0.153654
v 0.468477 -2.014313 -0.165286
v 0.407853 -2.024297 -0.191792
v 0.369193 -2.034465 -0.219610
v 0.726224 -2.008810 -0.302149
v 0.741396 -2.058049 -0.305254
v 0.741123 -2.107620 -0.307808
v 0.753072 -2.011630 -0.390723
v 0.755219 -2.060860 -0.396416
v 0.747087 -2.113381 -0.396145
v 0.717173 -2.172832 -0.395086
v 0.677367 -1.976735 -0.256155
v 0.547406 -1.965170 -0.203466
v 0.465219 -1.960697 -0.221844
v 0.391591 -1.985911 -0.248063
v 0.708337 -1.955483 -0.315047
v 0.742046 -1.954801 -0.381829
v 0.334302 -2.055992 -0.264181
v 0.341866 -2.010818 -0.300513
v 0.316406 -2.082351 -0.314632
v 0.323228 -2.042699 -0.319320
v 0.407193 -2.205436 -0.314925
v 0.478705 -2.214421 -0.300615
v 0.538470 -2.218707 -0.287937
v 0.623492 -2.206726 -0.284389
v 0.623943 -1.961783 -0.228148
v 0.631433 -0.863832 -1.308130
v 0.642437 -0.902993 -1.454176
v 0.682588 -0.965180 -1.620292
v 0.633287 -0.991751 -1.846868
v 0.719720 -1.089260 -1.246358
v 0.696456 -1.328271 -1.100581
v 0.802826 -1.148680 -1.318247
v 0.808342 -1.333148 -1.117429
v 0.666255 -1.443184 -1.064768
v 0.786031 -1.445969 -1.058463
v 0.625917 -1.556604 -1.052876
v 0.741911 -1.567581 -1.044502
v 0.725198 -1.021936 -1.424710
v 0.785636 -1.082578 -1.456057
v 0.759556 -1.055639 -1.654109
v 0.688795 -0.958570 -1.261276
v 0.685349 -0.962009 -1.379924
v 0.690094 -0.924645 -1.110078
v 0.628455 -0.819718 -1.160514
v 0.726644 -1.026144 -1.054013
v 0.890326 -1.358057 -1.173078
v 0.872377 -1.195396 -1.382091
v 0.878319 -1.462790 -1.116483
v 0.845140 -1.584262 -1.090692
v 0.579345 -1.652425 -1.068887
v 0.687445 -1.690538 -1.064395
v 0.797481 -1.711211 -1.103885
v 0.715685 -1.222066 -1.153490
v 0.810105 -1.238352 -1.203570
v 0.886420 -1.270177 -1.269026
v 0.846035 -1.145629 -1.516608
v 0.784772 -1.162399 -0.936127
v 0.768323 -1.294315 -0.940045
v 0.735960 -1.407407 -0.935523
v 0.735216 -1.179925 -1.037538
v 0.714508 -1.302789 -1.018752
v 0.777923 -1.038609 -0.922726
v 0.680492 -1.419716 -1.001353
v 0.529771 -1.726606 -1.109894
v 0.633720 -1.774730 -1.109092
v 0.744807 -1.804070 -1.142746
v 0.631031 -1.536303 -0.994562
v 0.692017 -1.517700 -0.925424
v 0.550968 -1.649858 -0.989563
v 0.613326 -1.631691 -0.907190
v 0.822445 -1.133777 -1.664952
v 0.956944 -1.400987 -1.275975
v 0.955669 -1.497486 -1.225242
v 0.925075 -1.614221 -1.181654
v 0.888588 -1.742344 -1.198159
v 0.847386 -1.843389 -1.249120
v 0.942328 -1.320654 -1.346299
v 0.922848 -1.253242 -1.456561
v 0.907021 -1.232992 -1.559164
v 0.521626 -1.725210 -0.872457
v 0.477635 -1.723984 -0.950617
v 0.432649 -1.784295 -0.817620
v 0.377858 -1.813336 -0.909251
v 0.361987 -1.809271 -0.739379
v 0.289674 -1.833118 -0.782125
v 0.308847 -1.798767 -0.650802
v 0.234264 -1.809608 -0.663866
v 0.279774 -1.739604 -0.539518
v 0.194312 -1.764167 -0.552453
v 0.272528 -1.668949 -0.448155
v 0.194485 -1.689242 -0.429464
v 0.309806 -1.625640 -0.374980
v 0.215708 -1.610195 -0.330172
v 0.349689 -1.543509 -0.306315
v 0.262724 -1.517487 -0.261318
v 0.395959 -1.434112 -0.264194
v 0.317159 -1.404176 -0.208187
v 0.463267 -1.304348 -0.245154
v 0.363397 -1.265280 -0.177348
v 0.529671 -1.187255 -0.253264
v 0.415268 -1.136469 -0.183546
v 0.598279 -1.074273 -0.281444
v 0.488756 -1.023177 -0.221142
v 0.652039 -0.960113 -0.330962
v 0.559719 -0.895527 -0.271931
v 0.686719 -0.866352 -0.411790
v 0.623123 -0.793783 -0.382089
v 0.712876 -0.823256 -0.500685
v 0.662551 -0.716822 -0.522659
v 0.644604 -0.629110 -0.680776
v 0.747827 -0.836895 -0.626796
v 0.554450 -0.519818 -0.804289
v 0.443488 -0.445382 -0.888967
v 0.313162 -0.393179 -0.950679
v 0.157767 -0.358905 -0.994580
v 0.702270 -0.733330 -0.656973
v 0.722107 -0.790155 -0.813789
v 0.768859 -0.884759 -0.758799
v 0.718117 -0.886987 -0.972551
v 0.774523 -0.954008 -0.872541
v 0.643758 -0.760040 -1.019822
v 0.655674 -0.683785 -0.866843
v 0.737596 -0.905462 -0.473216
v 0.783955 -0.941595 -0.592636
v 0.806095 -0.984993 -0.723386
v 0.801702 -1.026255 -0.838518
v 0.824799 -1.139153 -0.835527
v 0.741600 -1.006773 -0.416769
v 0.808677 -1.051699 -0.553444
v 0.835749 -1.098635 -0.701564
v 0.829636 -1.269637 -0.841181
v 0.723926 -1.129578 -0.367834
v 0.822066 -1.169024 -0.522992
v 0.854167 -1.220985 -0.687285
v 0.816199 -1.390743 -0.842822
v 0.859508 -1.342819 -0.675107
v 0.827899 -1.291255 -0.511788
v 0.745109 -1.247948 -0.382495
v 0.655105 -1.216168 -0.306022
v 0.598128 -1.322629 -0.279055
v 0.537768 -1.443399 -0.270894
v 0.726886 -1.361839 -0.364077
v 0.694669 -1.474864 -0.344706
v 0.819230 -1.408049 -0.492731
v 0.798180 -1.518209 -0.469880
v 0.852349 -1.460469 -0.656331
v 0.833429 -1.565622 -0.621713
v 0.793823 -1.519128 -0.832707
v 0.717348 -1.664410 -0.844230
v 0.720271 -1.084070 -1.857763
v 0.787357 -1.168835 -1.868755
v 0.486007 -1.724586 -1.031252
v 0.471353 -1.782809 -1.166316
v 0.411472 -1.808238 -1.061466
v 0.582874 -1.836269 -1.164664
v 0.505757 -1.559542 -0.276638
v 0.666631 -1.579108 -0.332237
v 0.397591 -1.675762 -0.295128
v 0.509903 -1.664679 -0.275606
v 0.649263 -1.678780 -0.320992
v 0.774219 -1.621223 -0.450649
v 0.757318 -1.719614 -0.431467
v 0.810063 -1.667688 -0.592296
v 0.790692 -1.763780 -0.565046
v 0.597135 -1.789402 -0.835951
v 0.491969 -1.845982 -0.789862
v 0.407888 -1.872757 -0.708026
v 0.342388 -1.873123 -0.621247
v 0.300828 -1.837573 -0.512688
v 0.302056 -1.767105 -0.428261
v 0.328311 -1.717930 -0.358123
v 0.348193 -1.816712 -0.331971
v 0.416820 -1.781230 -0.279636
v 0.638444 -1.774357 -0.304725
v 0.516367 -1.767487 -0.265846
v 0.746017 -1.809399 -0.408168
v 0.776278 -1.855571 -0.534957
v 0.799677 -1.613448 -0.762385
v 0.781336 -1.718852 -0.722336
v 0.764599 -1.809506 -0.687263
v 0.752706 -1.898565 -0.645252
v 0.694764 -1.772998 -0.805679
v 0.673299 -1.866126 -0.766500
v 0.661361 -1.947507 -0.722171
v 0.562380 -1.891506 -0.783306
v 0.452359 -1.947531 -0.706054
v 0.556162 -1.960546 -0.739906
v 0.351903 -1.946028 -0.594697
v 0.309651 -1.921491 -0.490923
v 0.316093 -1.867656 -0.399785
v 0.461702 -0.956666 -0.175816
v 0.335810 -1.036286 -0.092646
v 0.146381 -1.077801 -0.025482
v 0.282597 -1.193551 -0.105719
v 0.152346 -1.214152 -0.062347
v 0.238750 -1.335322 -0.134454
v 0.130795 -1.332613 -0.100298
v 0.149566 -1.477095 -0.185958
v 0.000000 -1.467880 -0.160478
v 0.115683 -1.611279 -0.295474
v 0.099959 -1.704529 -0.414748
v 0.106263 -1.779889 -0.542696
v 0.134274 -1.838215 -0.661130
v 0.170347 -1.892650 -0.807283
v 0.266905 -1.900726 -0.938035
v 0.309975 -1.914885 -1.120258
v 0.154243 -1.943076 -0.936094
v 0.000000 -1.953920 -0.912917
v 0.153565 -1.992954 -1.124290
v 0.416245 -1.840413 -1.249294
v 0.391162 -1.876392 -1.339659
v 0.278531 -1.969100 -1.288832
v 0.141503 -2.024941 -1.267858
v 0.000000 -2.067771 -1.419627
v 0.129711 -2.054218 -1.427861
v 0.268773 -1.998375 -1.447345
v 0.385742 -1.912174 -1.470589
v 0.891299 -1.236989 -1.680945
v 0.864191 -1.281107 -1.869615
v 0.644344 -2.171491 -1.088422
v 0.702094 -2.163290 -1.076731
v 0.704344 -2.127791 -1.066236
v 0.651779 -2.119070 -1.081276
v 0.760507 -2.117356 -1.075973
v 0.759405 -2.167720 -1.087219
v 0.801282 -2.156455 -1.120082
v 0.814946 -2.110030 -1.109072
v 0.863334 -2.170996 -1.142924
v 0.863388 -2.103652 -1.125312
v 0.583891 -2.127724 -1.080699
v 0.587453 -2.189247 -1.099257
v 0.530708 -2.128845 -1.116825
v 0.538030 -2.187624 -1.136349
v 0.528446 -2.196760 -1.214447
v 0.496613 -2.138794 -1.191652
v 0.479804 -2.141368 -1.272162
v 0.524737 -2.194539 -1.293329
v 0.894905 -2.174278 -1.199124
v 0.907552 -2.102322 -1.182374
v 0.711423 -2.215369 -1.127062
v 0.764539 -2.206058 -1.145487
v 0.822268 -2.194068 -1.152486
v 0.653598 -2.213552 -1.134810
v 0.588319 -2.224747 -1.163265
v 0.579390 -2.065543 -1.104575
v 0.531235 -2.074550 -1.138221
v 0.652512 -2.072725 -1.093090
v 0.705530 -2.071037 -1.073193
v 0.759108 -2.074975 -1.084572
v 0.502113 -2.087461 -1.190770
v 0.817602 -2.069643 -1.113158
v 0.857687 -2.064286 -1.131807
v 0.896160 -2.058648 -1.183873
v 0.801755 -2.030406 -1.133921
v 0.847919 -2.023026 -1.161422
v 0.876390 -2.023764 -1.197439
v 0.758835 -2.032633 -1.115816
v 0.704868 -2.025529 -1.107118
v 0.652376 -2.029040 -1.121068
v 0.589267 -2.027788 -1.138565
v 0.545529 -2.038123 -1.169370
v 0.884781 -2.015048 -1.259098
v 0.911845 -2.059041 -1.257965
v 0.918604 -2.107538 -1.259022
v 0.916808 -2.061375 -1.350247
v 0.895394 -2.019236 -1.352339
v 0.922295 -2.112457 -1.347638
v 0.882241 -2.174180 -1.345019
v 0.728198 -1.988715 -1.176192
v 0.664898 -1.984854 -1.189398
v 0.612884 -1.987858 -1.208202
v 0.570540 -1.998906 -1.227085
v 0.842092 -1.977652 -1.291790
v 0.834444 -1.988737 -1.227025
v 0.849828 -1.972653 -1.357526
v 0.510179 -2.060309 -1.208738
v 0.528264 -2.017613 -1.254206
v 0.496328 -2.038229 -1.288313
v 0.481432 -2.087697 -1.264843
v 0.583969 -2.206899 -1.265253
v 0.658965 -2.212411 -1.243207
v 0.722027 -2.211596 -1.243322
v 0.801340 -2.206788 -1.235537
v 0.794574 -1.989137 -1.192007
v 0.561773 -0.586378 -0.942283
v 0.448484 -0.510585 -1.007848
v 0.317019 -0.458337 -1.059023
v 0.170764 -0.427275 -1.089240
v 0.170649 -0.500439 -1.200028
v 0.315105 -0.533624 -1.174162
v 0.441387 -0.587029 -1.131463
v 0.550925 -0.662638 -1.077026
v 0.198427 -0.561129 -1.336492
v 0.323892 -0.595310 -1.305650
v 0.441187 -0.651244 -1.264812
v 0.544239 -0.727266 -1.214536
v 0.550570 -0.777382 -1.359181
v 0.448362 -0.701626 -1.406610
v 0.329521 -0.644691 -1.447054
v 0.194090 -0.608296 -1.485498
v 0.000000 -0.590946 -1.502307
v 0.562166 -0.822092 -1.510434
v 0.454711 -0.747389 -1.554044
v 0.331411 -0.689459 -1.587969
v 0.183791 -0.648415 -1.610195
v 0.000000 -0.633234 -1.629712
v 0.575508 -0.874176 -1.675171
v 0.455506 -0.798462 -1.706139
v 0.337327 -0.746250 -1.731730
v 0.177284 -0.708053 -1.763896
v 0.000000 -0.690703 -1.767826
v 0.547079 -0.922613 -1.853835
v 0.416915 -0.844945 -1.863990
v 0.293846 -0.801844 -1.887844
v 0.000000 -0.747629 -1.886014
v 0.000000 -1.111684 -2.273450
v 0.000000 -1.082138 -2.302794
v 0.129031 -1.123340 -2.291951
v 0.152346 -1.076986 -2.326107
v 0.255895 -1.132287 -2.358366
v 0.235836 -1.172948 -2.306183
v 0.313906 -1.259422 -2.325294
v 0.336119 -1.218782 -2.391707
v 0.338304 -1.347522 -2.336273
v 0.361541 -1.317532 -2.415144
v 0.322040 -1.460119 -2.346743
v 0.331797 -1.439078 -2.450803
v 0.253728 -1.577869 -2.362297
v 0.247221 -1.546018 -2.479265
v 0.155597 -1.658446 -2.371039
v 0.152346 -1.612363 -2.490720
v 0.000000 -1.683386 -2.375443
v 0.163729 -1.593387 -2.611550
v 0.269011 -1.520010 -2.599545
v 0.358028 -1.409541 -2.563741
v 0.394087 -1.277285 -2.510881
v 0.373903 -1.173214 -2.461902
v 0.307943 -1.071024 -2.403634
v 0.185958 -1.022907 -2.342102
v 0.000000 -1.010844 -2.315807
v 0.159934 -0.941923 -2.311470
v 0.000000 -0.945108 -2.295746
v 0.281919 -0.959069 -2.367040
v 0.364055 -1.012811 -2.446508
v 0.414459 -1.124530 -2.535743
v 0.423218 -1.238246 -2.617788
v 0.375951 -1.359050 -2.697871
v 0.288757 -1.452007 -2.757592
v 0.161555 -1.536751 -2.782694
v 0.000000 -1.473571 -2.934809
v 0.136080 -1.441043 -2.937385
v 0.291777 -1.368308 -2.887696
v 0.381469 -1.283072 -2.813836
v 0.441554 -1.176172 -2.723507
v 0.000000 -1.364599 -3.032804
v 0.141503 -1.337492 -3.023587
v 0.288497 -1.270745 -2.973471
v 0.380050 -1.194759 -2.898079
v 0.440228 -1.112763 -2.813503
v 0.449475 -1.066485 -2.621541
v 0.465068 -1.009645 -2.695482
v 0.425309 -0.957959 -2.529590
v 0.000000 -0.902820 -2.261321
v 0.179454 -0.886352 -2.278669
v 0.318602 -0.896029 -2.365208
v 0.463998 -0.920168 -2.673626
v 0.448902 -1.014741 -2.829226
v 0.141540 -1.221196 -3.086198
v 0.161420 -1.058779 -3.112597
v 0.149766 -0.905287 -3.096260
v 0.137292 -0.774730 -3.052040
v 0.280787 -1.181279 -3.026718
v 0.376797 -1.130599 -2.938198
v 0.279639 -1.048884 -3.055429
v 0.384929 -1.034358 -2.955548
v 0.283751 -0.907721 -3.043930
v 0.385986 -0.900666 -2.951102
v 0.273974 -0.774464 -3.006265
v 0.377019 -0.779349 -2.917939
v 0.450467 -0.903730 -2.819966
v 0.438105 -0.796806 -2.790682
v 0.453794 -0.821044 -2.648431
v 0.422396 -0.851694 -2.501829
v 0.137679 -0.638408 -2.972951
v 0.254949 -0.650573 -2.938564
v 0.353902 -0.669229 -2.857981
v 0.412783 -0.697305 -2.743475
v 0.433457 -0.726462 -2.614721
v 0.415185 -0.757207 -2.477944
v 0.352980 -0.801236 -2.353041
v 0.136364 -0.531102 -2.875420
v 0.247050 -0.552587 -2.839967
v 0.329333 -0.585981 -2.775690
v 0.377063 -0.614900 -2.693623
v 0.000000 -0.439686 -2.764302
v 0.120899 -0.448902 -2.757119
v 0.226620 -0.477637 -2.714722
v 0.333967 -0.549473 -2.659869
v 0.402386 -0.645226 -2.575231
v 0.393072 -0.675513 -2.446499
v 0.358905 -0.567363 -2.530769
v 0.353484 -0.601925 -2.407092
v 0.116562 -0.399568 -2.596778
v 0.220114 -0.444023 -2.589814
v 0.110600 -0.391977 -2.459206
v 0.209270 -0.435891 -2.472894
v 0.204392 -0.458662 -2.356467
v 0.106805 -0.416915 -2.340880
v 0.284631 -0.492818 -2.615354
v 0.298183 -0.497696 -2.495192
v 0.300895 -0.531175 -2.382221
v 0.215777 -0.537273 -2.239634
v 0.111142 -0.484685 -2.218489
v 0.272162 -0.577394 -2.265658
v 0.327307 -0.639787 -2.306660
v 0.355405 -0.718721 -2.335546
v 0.000000 -0.677692 -2.052048
v 0.120899 -0.670643 -2.080784
v 0.093792 -0.774872 -2.056929
v 0.195176 -0.724046 -2.124631
v 0.096503 -0.813907 -2.082478
v 0.000000 -0.827631 -2.046086
v 0.000000 -0.566550 -2.113312
v 0.120087 -0.576308 -2.132829
v 0.228788 -0.600164 -2.195721
v 0.282461 -0.689686 -2.220659
v 0.291679 -0.747494 -2.246953
v 0.203308 -0.790595 -2.174034
v 0.265113 -0.821226 -2.270808
v 0.167524 -0.842642 -2.213068
v 0.083492 -0.847386 -2.139336
v 0.000000 -0.870698 -2.205478
v 0.000000 -0.862024 -2.142318
v 0.986719 -1.380932 -1.489835
v 1.010031 -1.524467 -1.381338
v 1.001899 -1.655057 -1.359956
v 0.975875 -1.400516 -1.673015
v 1.007861 -1.569126 -1.663189
v 0.992681 -1.697465 -1.672322
v 0.928708 -1.446057 -1.872597
v 0.940094 -1.603418 -1.863921
v 0.777990 -1.332207 -2.049339
v 0.689139 -1.167474 -2.034334
v 0.811604 -1.514640 -2.042291
v 0.543446 -1.023762 -2.034914
v 0.159934 -0.772025 -1.900822
v 0.133371 -0.858771 -2.050061
v 0.262402 -0.900788 -2.065805
v 0.388724 -0.949851 -2.066687
v 0.210898 -1.031718 -2.214661
v 0.332339 -1.099079 -2.232044
v 0.431012 -1.202902 -2.252103
v 0.474926 -1.309978 -2.261321
v 0.448360 -1.471979 -2.281820
v 0.336676 -1.624019 -2.305776
v 0.198971 -1.730011 -2.313637
v 0.000000 -1.775552 -2.323127
v 0.232583 -0.961237 -2.145842
v 0.061805 -0.946871 -2.155127
v 0.374627 -1.015996 -2.150721
v 0.513960 -1.115479 -2.155600
v 0.598536 -1.260912 -2.183249
v 0.638657 -1.453919 -2.187586
v 0.486853 -1.679522 -2.230960
v 0.333288 -1.833562 -2.202225
v 0.000000 -1.909462 -2.219033
v 0.657632 -1.615276 -2.153974
v 0.804014 -1.672949 -2.013826
v 0.474113 -1.806997 -2.172406
v 0.975333 -1.759557 -1.380761
v 0.930334 -1.854266 -1.394960
v 0.626594 -1.863921 -2.047711
v 0.475874 -1.897535 -2.039579
v 0.294932 -1.941722 -2.084579
v 0.161833 -1.864465 -2.236381
v 0.124965 -1.973166 -2.111145
v 0.000000 -1.989430 -2.106263
v 0.000000 -2.055302 -1.960426
v 0.121714 -2.037410 -1.981027
v 0.250475 -2.014641 -1.948497
v 0.362294 -1.969100 -1.882896
v 0.000000 -2.094878 -1.784768
v 0.111955 -2.081867 -1.788969
v 0.240715 -2.041205 -1.790459
v 0.000000 -2.089458 -1.592032
v 0.115885 -2.075903 -1.597759
v 0.360804 -1.964219 -1.774060
v 0.370130 -1.934402 -1.615074
v 0.510463 -1.899272 -1.261814
v 0.459745 -1.930065 -1.347249
v 0.436433 -1.986448 -1.462999
v 0.401735 -1.997562 -1.591761
v 0.389266 -2.008677 -1.743563
v 0.391977 -2.011117 -1.848743
v 0.628626 -1.961510 -2.013014
v 0.767688 -1.819363 -1.996749
v 0.751966 -1.926135 -1.971809
v 0.913528 -1.733264 -1.858500
v 0.970454 -1.791985 -1.658614
v 0.644619 -1.751425 -2.120902
v 0.584442 -1.953920 -1.283276
v 0.698835 -1.928573 -1.280565
v 0.728707 -1.865395 -1.198007
v 0.610028 -1.883773 -1.208393
v 0.786664 -1.929930 -1.329359
v 0.510436 -1.983874 -1.339117
v 0.515046 -1.974963 -1.996208
v 0.528057 -2.052626 -1.986448
v 0.413120 -2.088916 -1.839525
v 0.416373 -2.083764 -1.574547
v 0.440770 -2.082951 -1.439822
v 0.471672 -2.048660 -1.347249
v 0.756845 -1.957173 -1.259964
v 0.671998 -1.964763 -1.246951
v 0.853348 -1.940536 -1.442669
v 1.022500 -1.543780 -1.516266
v 1.012742 -1.668001 -1.523925
v 0.987260 -1.775585 -1.545678
v 0.891299 -1.940467 -1.593964
v 0.952021 -1.861567 -1.570023
v 0.874493 -1.877611 -1.849013
v 0.932503 -1.868125 -1.693956
v 0.900517 -1.933385 -1.711035
v 0.860938 -1.931194 -1.847386
v 0.628897 -2.033073 -2.000545
v 0.747087 -2.014184 -1.950395
v 0.885337 -2.031820 -1.714288
v 0.901059 -2.035074 -1.592845
v 0.524939 -2.141503 -1.910548
v 0.632388 -2.134237 -1.928877
v 0.743428 -2.100572 -1.900246
v 0.860396 -2.095422 -1.726757
v 0.827326 -2.020739 -1.855789
v 0.806437 -2.095176 -1.831450
v 0.407158 -2.094878 -1.728654
v 0.459445 -2.147925 -1.822554
v 0.256675 -2.020604 -1.608025
v 0.896178 -2.094336 -1.609653
v 0.643147 -2.179037 -1.825699
v 0.901059 -2.026839 -1.459341
v 0.000000 -0.829494 -2.023857
v 0.000000 -0.931691 -2.141232
v 0.459203 -2.105722 -1.351317
v 0.484645 -2.168138 -1.359536
v 0.468421 -2.158311 -1.448362
v 0.455950 -2.149908 -1.582272
v 0.448016 -2.146968 -1.714015
v 0.561860 -2.207699 -1.357157
v 0.545032 -2.200722 -1.457356
v 0.536658 -2.192676 -1.582279
v 0.524140 -2.188195 -1.697531
v 0.521915 -2.183942 -1.769065
v 0.577147 -2.184386 -1.815153
v 0.645885 -2.231764 -1.350833
v 0.628284 -2.220188 -1.472627
v 0.621975 -2.207454 -1.580935
v 0.608456 -2.198447 -1.693328
v 0.583627 -1.979944 -1.270263
v 0.697020 -2.184748 -0.306406
v 0.884069 -2.179752 -1.261059
v 0.530227 -1.994023 -1.304961
v 0.403363 -1.943618 -1.952292
v 0.425589 -1.996494 -1.944702
v 0.451613 -2.078698 -1.931691
v 0.755037 -2.148134 -1.827457
v 0.916499 -2.106537 -1.473589
v 0.869463 -2.175788 -1.456716
v 0.847499 -2.162853 -1.610644
v 0.820083 -2.153004 -1.718004
v 0.788181 -2.147570 -1.788827
v 0.796119 -2.217161 -1.351568
v 0.717093 -2.232430 -1.346592
v 0.698617 -2.224347 -1.470333
v 0.787423 -2.208838 -1.463574
v 0.776422 -2.193953 -1.602867
v 0.679135 -2.207990 -1.589390
v 0.662758 -2.197493 -1.700505
v 0.768910 -2.181495 -1.713980
v 0.530276 -1.864405 -0.251847
v 0.641346 -1.870445 -0.286607
v 0.735176 -1.880973 -0.382066
v 0.768108 -1.922306 -0.502020
v 0.745562 -1.967417 -0.606786
v 0.653964 -2.013014 -0.683654
v 0.555398 -2.026235 -0.700143
v 0.452601 -2.020644 -0.668116
v 0.364339 -2.017018 -0.573509
v 0.316990 -2.002212 -0.468854
v 0.325904 -1.961268 -0.365209
v 0.368747 -1.907217 -0.299824
v 0.440845 -1.875413 -0.260381
v 0.762350 -1.985093 -0.465563
v 0.736335 -2.033637 -0.572253
v 0.655463 -2.072108 -0.641910
v 0.552116 -2.086746 -0.663053
v 0.464082 -2.085933 -0.635404
v 0.373328 -2.082940 -0.544679
v 0.317445 -2.068696 -0.428125
v 0.335988 -2.126378 -0.430610
v 0.367366 -2.170669 -0.430750
v 0.386619 -2.129321 -0.529905
v 0.555369 -2.152889 -0.616428
v 0.468421 -2.150179 -0.591488
v 0.661563 -2.131204 -0.592574
v 0.732991 -2.085121 -0.530768
v 0.758164 -2.045671 -0.464528
v 0.737869 -2.108433 -0.491734
v 0.698344 -2.159446 -0.508020
v 0.551594 -2.198339 -0.554363
v 0.466991 -2.189616 -0.543180
v 0.631544 -2.185952 -0.553104
v 0.315815 -2.023813 -0.372220
v 0.416202 -2.172099 -0.518466
v 0.631671 -2.216284 -0.407075
v 0.544998 -2.225939 -0.415967
v 0.470036 -2.221587 -0.423664
v 0.409429 -2.198570 -0.428560
v 0.464082 -0.710220 0.321496
v -0.167524 -0.019788 0.556248
v -0.218488 -0.067024 0.484144
v -0.219030 -0.013486 0.472214
v -0.187586 0.040933 0.523720
v -0.260912 0.036257 0.459203
v -0.237193 0.100229 0.489022
v -0.321141 0.031715 0.437516
v -0.323175 0.102026 0.455408
v -0.368665 -0.007861 0.421794
v -0.387911 0.079697 0.433724
v -0.371052 -0.073089 0.420710
v -0.440228 -0.082677 0.423964
v -0.451342 -0.013961 0.411495
v -0.353993 -0.108803 0.434807
v -0.404600 -0.143941 0.458120
v -0.329901 -0.162510 0.504745
v -0.289780 -0.124830 0.448902
v -0.251017 -0.108126 0.485227
v -0.244781 -0.146517 0.562213
v -0.203850 -0.099044 0.572515
v -0.164815 -0.067532 0.596911
v -0.450258 0.050962 0.409325
v -0.197343 0.155868 0.497696
v -0.127948 0.071292 0.541610
v -0.308485 0.185145 0.444023
v -0.420710 0.155597 0.399568
v -0.506912 0.082406 0.368121
v -0.530227 -0.024125 0.378422
v -0.508540 -0.124459 0.422880
v -0.444294 -0.195751 0.474926
v -0.348874 -0.215235 0.526973
v -0.250204 -0.197208 0.596369
v -0.191923 -0.129846 0.633234
v -0.118190 -0.063975 0.648956
v -0.104804 0.000000 0.581730
v -0.052521 -0.000948 0.601790
v -0.054046 -0.051504 0.682029
v -0.175114 -0.154784 0.684196
v -0.120357 -0.103010 0.708053
v -0.227704 -0.227569 0.660342
v -0.069345 0.074274 0.551911
v 0.000000 0.065330 0.555706
v 0.000000 -0.000813 0.605585
v 0.000000 -0.040389 0.679317
v 0.000000 -0.063160 0.734618
v -0.061534 -0.076986 0.734618
v 0.000000 -0.104093 0.786122
v -0.069125 -0.112767 0.775279
v -0.116562 -0.143941 0.760098
v -0.142586 -0.173558 0.731365
v -0.161291 -0.232381 0.730279
v 0.000000 -0.181350 0.808893
v -0.062347 -0.177353 0.798591
v -0.108430 -0.184739 0.769858
v 0.000000 -0.248170 0.788833
v -0.064517 -0.244037 0.770942
v -0.108159 -0.229738 0.757931
v 0.000000 -0.298319 0.763893
v -0.051775 -0.302996 0.764435
v -0.114395 -0.299471 0.756303
v -0.176742 -0.294388 0.729737
v -0.236378 -0.294117 0.664679
v -0.284089 -0.283207 0.595827
v -0.057875 -0.372189 0.742750
v 0.000000 -0.351857 0.743292
v -0.121443 -0.378422 0.736244
v -0.170236 -0.375169 0.712389
v -0.367919 -0.276836 0.532936
v -0.481770 -0.260235 0.475467
v -0.591488 -0.222657 0.401193
v -0.235836 -0.365327 0.650042
v -0.286527 -0.359092 0.590946
v -0.375846 -0.357211 0.532394
v 0.000000 -0.398482 0.688535
v -0.052861 -0.425318 0.690161
v -0.107618 -0.429928 0.672813
v -0.160614 -0.419627 0.655463
v 0.000000 -0.483599 0.685824
v -0.056114 -0.489835 0.672813
v -0.110600 -0.485769 0.645161
v -0.158309 -0.468692 0.612091
v -0.209270 -0.420169 0.614800
v -0.194770 -0.486853 0.581730
v -0.278124 -0.424641 0.573598
v -0.368867 -0.442735 0.524262
v -0.256710 -0.514029 0.547574
v -0.348332 -0.554012 0.499866
v 0.000000 -0.561400 0.589321
v -0.067262 -0.550828 0.586609
v -0.135267 -0.533682 0.576852
v -0.490648 -0.351113 0.473300
v -0.479804 -0.455612 0.459745
v -0.432909 -0.581459 0.437516
v -0.091318 0.176336 0.511251
v -0.365039 0.566550 -0.206017
v -0.427133 0.645703 -0.270534
v -0.354424 0.705883 -0.306859
v -0.237464 0.595283 -0.250950
v -0.496342 0.704257 -0.285714
v -0.469243 0.786393 -0.310111
v -0.548116 0.717404 -0.291137
v -0.526158 0.826189 -0.324749
v -0.585255 0.818846 -0.331798
v -0.576037 0.634862 -0.278666
v -0.643536 0.692668 -0.326377
v -0.591217 0.540526 -0.255895
v -0.680401 0.547439 -0.331256
v -0.594741 0.431825 -0.210356
v -0.506370 0.622935 -0.283547
v -0.468148 0.507998 -0.258607
v 0.000000 -0.625915 0.534022
v -0.096503 -0.622460 0.531852
v -0.191110 -0.576918 0.540526
v -0.132826 -0.697480 0.480890
v 0.000000 -0.721876 0.471672
v -0.248509 -0.641637 0.494443
v -0.317430 -0.715099 0.413120
v -0.174573 -0.781243 0.397940
v 0.000000 -0.794254 0.401735
v -0.605585 -0.344131 0.394687
v -0.590202 -0.470249 0.374627
v -0.535647 -0.614259 0.339388
v -0.189218 -0.848549 0.288637
v -0.372460 -0.805368 0.271076
v 0.000000 -0.864191 0.294388
v -0.140130 0.273516 0.455950
v -0.258336 0.279752 0.415290
v -0.393603 0.250000 0.365412
v -0.611278 0.079764 0.275413
v -0.637029 -0.033750 0.300895
v -0.693105 -0.203630 0.295716
v -0.704038 -0.332917 0.280971
v -0.683199 -0.463978 0.262997
v -0.635946 -0.586880 0.243968
v -0.464082 -0.710220 0.321496
v -0.771905 -0.171895 0.138607
v -0.737494 -0.025922 0.148735
v -0.778876 -0.315611 0.125394
v -0.755304 -0.452883 0.109616
v -0.710762 -0.581730 0.087829
v -0.694602 0.094942 0.147174
v -0.490919 0.216183 0.316617
v -0.568311 0.173354 0.269450
v -0.634509 0.203010 0.155277
v -0.532707 0.290629 0.204960
v -0.405124 0.346165 0.261318
v -0.254947 0.379779 0.312822
v -0.133371 0.387096 0.351315
v -0.135538 0.478992 0.199513
v -0.243697 0.468421 0.161020
v -0.388453 0.431012 0.130659
v -0.570900 0.349501 0.053160
v -0.673046 0.238767 0.018371
v -0.741571 0.121612 -0.000608
v -0.792120 -0.011723 -0.016466
v -0.820294 -0.158566 -0.034251
v -0.823871 -0.302383 -0.052001
v -0.805639 -0.427894 -0.081323
v -0.747629 -0.587966 -0.119816
v -0.588779 -0.673084 0.221198
v -0.641366 -0.692872 0.081865
v -0.646789 -0.715372 -0.021687
v 0.000000 -0.923285 0.059094
v -0.148007 -0.913528 0.061264
v -0.178910 -0.890215 0.181621
v 0.000000 -0.902684 0.178910
v 0.000000 -0.989430 0.003253
v -0.148551 -0.966118 -0.001084
v -0.230957 0.575224 -0.166441
v -0.344537 0.541068 -0.122527
v -0.457307 0.492276 -0.136622
v -0.591666 0.407853 -0.163891
v -0.694391 0.305532 -0.218180
v -0.696947 0.350091 -0.291657
v -0.621849 0.683112 -0.401193
v -0.649498 0.538630 -0.412003
v -0.690982 0.379724 -0.385866
v -0.582814 0.817658 -0.371579
v -0.523585 0.829886 -0.361007
v -0.335457 0.698835 -0.366766
v -0.214964 0.578477 -0.369749
v -0.453918 0.798591 -0.366766
v -0.566550 0.551370 -0.481432
v -0.556248 0.682029 -0.448902
v -0.535647 0.769316 -0.424506
v -0.588335 0.384529 -0.074572
v -0.444836 0.465168 -0.024938
v -0.688013 0.271527 -0.111228
v -0.274465 0.513418 0.010302
v -0.149499 0.555165 -0.020059
v 0.000000 0.562213 0.017892
v -0.124965 0.587151 -0.146923
v 0.000000 0.594199 -0.139875
v -0.143128 0.590946 -0.256846
v 0.000000 0.601790 -0.256439
v -0.146923 0.576308 -0.378220
v -0.755393 0.155200 -0.148202
v -0.807836 0.008347 -0.181770
v -0.830289 -0.151289 -0.210092
v -0.824157 -0.312005 -0.230913
v -0.743237 0.190572 -0.298077
v -0.781492 0.032131 -0.344702
v -0.793976 -0.140488 -0.382353
v -0.709178 0.230908 -0.433672
v -0.722382 0.049163 -0.497712
v -0.477906 -0.831577 -0.037589
v -0.323124 -0.879372 0.025482
v -0.306315 -0.930334 -0.035240
v -0.451658 -0.875770 -0.106403
v -0.604370 -0.761037 -0.135174
v -0.561256 -0.806046 -0.209628
v -0.621169 -0.716640 -0.338026
v -0.682584 -0.662898 -0.270754
v -0.701231 -0.564098 -0.404537
v -0.635211 -0.624949 -0.460374
v -0.605396 -0.534439 -0.586332
v -0.673484 -0.458468 -0.538823
v -0.538103 -0.444509 -0.705064
v -0.598339 -0.362043 -0.669622
v -0.530768 -0.792899 0.052590
v -0.776196 -0.470435 -0.303484
v -0.744915 -0.374563 -0.461224
v -0.790788 -0.259788 -0.390350
v -0.664659 -0.264756 -0.620079
v -0.451407 -0.367330 -0.804978
v -0.493572 -0.284149 -0.777219
v 0.000000 -0.206561 -0.941177
v -0.184603 -0.212524 -0.923285
v -0.164815 -0.286256 -0.937924
v 0.000000 -0.284360 -0.953646
v -0.544523 -0.178541 -0.749828
v -0.187857 -0.094878 -0.916781
v -0.722271 -0.138158 -0.539713
v -0.594164 -0.042490 -0.694866
v -0.639590 0.425498 -0.464984
v -0.551243 0.447207 -0.540730
v -0.638575 0.283141 -0.536429
v -0.629075 0.113873 -0.616881
v -0.505822 0.172454 -0.716127
v -0.509990 0.347091 -0.626790
v -0.423166 0.035244 -0.807833
v -0.382635 -0.118568 -0.847976
v -0.360093 -0.232603 -0.861183
v -0.334544 -0.306815 -0.878759
v -0.207103 0.027243 -0.894552
v 0.000000 0.034969 -0.922202
v -0.221742 0.195040 -0.837626
v -0.211982 0.347249 -0.747629
v -0.401633 0.189709 -0.774097
v -0.183249 0.470589 -0.620223
v -0.154243 0.540526 -0.494985
v 0.000000 0.555165 -0.499866
v -0.373126 0.341446 -0.702405
v -0.395630 0.448970 -0.607428
v -0.228246 0.539442 -0.490648
v -0.413120 0.560856 -0.529141
v -0.473029 0.765792 -0.428301
v -0.448360 0.675251 -0.472214
v -0.316144 0.611005 -0.464626
v -0.377474 0.687449 -0.443481
v -0.302520 0.517484 -0.547033
v -0.219301 -0.069396 0.424506
v -0.224180 -0.026295 0.429928
v -0.262402 0.014536 0.437516
v -0.315533 0.012460 0.427217
v -0.352128 -0.018949 0.415832
v -0.355110 -0.066600 0.413120
v -0.338033 -0.098002 0.424506
v -0.287204 -0.108834 0.420710
v -0.242343 -0.099756 0.427217
v -0.278666 -0.058552 0.380592
v -0.505828 -0.743292 0.235294
v -0.367579 -0.852264 0.134454
v -0.462590 -2.184340 -0.124699
v -0.525335 -2.185263 -0.104473
v -0.525925 -2.128690 -0.079244
v -0.460940 -2.122010 -0.097704
v -0.597393 -2.114442 -0.095100
v -0.585319 -2.179599 -0.124303
v -0.636527 -2.181959 -0.136017
v -0.657979 -2.112841 -0.112345
v -0.688351 -2.183567 -0.200950
v -0.705763 -2.105164 -0.161493
v -0.399643 -2.127580 -0.123251
v -0.408199 -2.190060 -0.147967
v -0.348108 -2.130247 -0.167227
v -0.359682 -2.186512 -0.184965
v -0.354593 -2.192641 -0.259790
v -0.326743 -2.135361 -0.241008
v -0.321087 -2.136802 -0.327236
v -0.706971 -2.172781 -0.244079
v -0.732364 -2.102631 -0.230533
v -0.533822 -2.220821 -0.175077
v -0.587151 -2.207639 -0.193934
v -0.642030 -2.208618 -0.186260
v -0.475574 -2.210715 -0.186155
v -0.410593 -2.220501 -0.213614
v -0.400482 -2.065028 -0.148926
v -0.353207 -2.074895 -0.188101
v -0.462996 -2.058646 -0.118949
v -0.525927 -2.057032 -0.099463
v -0.585761 -2.059734 -0.110973
v -0.327647 -2.087656 -0.245101
v -0.654381 -2.050523 -0.133781
v -0.693207 -2.055739 -0.172267
v -0.721918 -2.057367 -0.231666
v -0.633401 -2.011981 -0.171879
v -0.677085 -2.015370 -0.206179
v -0.704115 -2.018696 -0.243966
v -0.579434 -2.014140 -0.153654
v -0.529740 -2.010806 -0.148113
v -0.468477 -2.014313 -0.165286
v -0.407853 -2.024297 -0.191792
v -0.369193 -2.034465 -0.219610
v -0.726224 -2.008810 -0.302149
v -0.741396 -2.058049 -0.305254
v -0.741123 -2.107620 -0.307808
v -0.697020 -2.184748 -0.306406
v -0.755219 -2.060860 -0.396416
v -0.753072 -2.011630 -0.390723
v -0.747087 -2.113381 -0.396145
v -0.717173 -2.172832 -0.395086
v -0.547406 -1.965170 -0.203466
v -0.465219 -1.960697 -0.221844
v -0.391591 -1.985911 -0.248063
v -0.708337 -1.955483 -0.315047
v -0.677367 -1.976735 -0.256155
v -0.742046 -1.954801 -0.381829
v -0.334302 -2.055992 -0.264181
v -0.341866 -2.010818 -0.300513
v -0.316406 -2.082351 -0.314632
v -0.323228 -2.042699 -0.319320
v -0.351033 -2.182095 -0.339410
v -0.407193 -2.205436 -0.314925
v -0.478705 -2.214421 -0.300615
v -0.538470 -2.218707 -0.287937
v -0.623492 -2.206726 -0.284389
v -0.623943 -1.961783 -0.228148
v -0.719720 -1.089260 -1.246358
v -0.715685 -1.222066 -1.153490
v -0.810105 -1.238352 -1.203570
v -0.802826 -1.148680 -1.318247
v -0.786031 -1.445969 -1.058463
v -0.808342 -1.333148 -1.117429
v -0.696456 -1.328271 -1.100581
v -0.666255 -1.443184 -1.064768
v -0.625917 -1.556604 -1.052876
v -0.741911 -1.567581 -1.044502
v -0.785636 -1.082578 -1.456057
v -0.725198 -1.021936 -1.424710
v -0.759556 -1.055639 -1.654109
v -0.682588 -0.965180 -1.620292
v -0.642437 -0.902993 -1.454176
v -0.631433 -0.863832 -1.308130
v -0.688795 -0.958570 -1.261276
v -0.685349 -0.962009 -1.379924
v -0.628455 -0.819718 -1.160514
v -0.690094 -0.924645 -1.110078
v -0.726644 -1.026144 -1.054013
v -0.890326 -1.358057 -1.173078
v -0.886420 -1.270177 -1.269026
v -0.878319 -1.462790 -1.116483
v -0.845140 -1.584262 -1.090692
v -0.687445 -1.690538 -1.064395
v -0.579345 -1.652425 -1.068887
v -0.797481 -1.711211 -1.103885
v -0.872377 -1.195396 -1.382091
v -0.846035 -1.145629 -1.516608
v -0.735216 -1.179925 -1.037538
v -0.714508 -1.302789 -1.018752
v -0.784772 -1.162399 -0.936127
v -0.768323 -1.294315 -0.940045
v -0.633720 -1.774730 -1.109092
v -0.744807 -1.804070 -1.142746
v -0.529771 -1.726606 -1.109894
v -0.680492 -1.419716 -1.001353
v -0.735960 -1.407407 -0.935523
v -0.631031 -1.536303 -0.994562
v -0.692017 -1.517700 -0.925424
v -0.550968 -1.649858 -0.989563
v -0.613326 -1.631691 -0.907190
v -0.822445 -1.133777 -1.664952
v -0.955669 -1.497486 -1.225242
v -0.956944 -1.400987 -1.275975
v -0.925075 -1.614221 -1.181654
v -0.888588 -1.742344 -1.198159
v -0.847386 -1.843389 -1.249120
v -0.942328 -1.320654 -1.346299
v -0.922848 -1.253242 -1.456561
v -0.907021 -1.232992 -1.559164
v -0.521626 -1.725210 -0.872457
v -0.477635 -1.723984 -0.950617
v -0.377858 -1.813336 -0.909251
v -0.432649 -1.784295 -0.817620
v -0.289674 -1.833118 -0.782125
v -0.361987 -1.809271 -0.739379
v -0.308847 -1.798767 -0.650802
v -0.234264 -1.809608 -0.663866
v -0.279774 -1.739604 -0.539518
v -0.194312 -1.764167 -0.552453
v -0.272528 -1.668949 -0.448155
v -0.194485 -1.689242 -0.429464
v -0.309806 -1.625640 -0.374980
v -0.215708 -1.610195 -0.330172
v -0.349689 -1.543509 -0.306315
v -0.262724 -1.517487 -0.261318
v -0.395959 -1.434112 -0.264194
v -0.317159 -1.404176 -0.208187
v -0.463267 -1.304348 -0.245154
v -0.363397 -1.265280 -0.177348
v -0.529671 -1.187255 -0.253264
v -0.415268 -1.136469 -0.183546
v -0.598279 -1.074273 -0.281444
v -0.488756 -1.023177 -0.221142
v -0.652039 -0.960113 -0.330962
v -0.559719 -0.895527 -0.271931
v -0.686719 -0.866352 -0.411790
v -0.623123 -0.793783 -0.382089
v -0.712876 -0.823256 -0.500685
v -0.662551 -0.716822 -0.522659
v -0.644604 -0.629110 -0.680776
v -0.554450 -0.519818 -0.804289
v -0.443488 -0.445382 -0.888967
v -0.313162 -0.393179 -0.950679
v -0.157767 -0.358905 -0.994580
v 0.000000 -0.352669 -1.017621
v -0.702270 -0.733330 -0.656973
v -0.747827 -0.836895 -0.626796
v -0.768859 -0.884759 -0.758799
v -0.722107 -0.790155 -0.813789
v -0.718117 -0.886987 -0.972551
v -0.774523 -0.954008 -0.872541
v -0.777923 -1.038609 -0.922726
v -0.643758 -0.760040 -1.019822
v -0.655674 -0.683785 -0.866843
v -0.737596 -0.905462 -0.473216
v -0.783955 -0.941595 -0.592636
v -0.806095 -0.984993 -0.723386
v -0.801702 -1.026255 -0.838518
v -0.824799 -1.139153 -0.835527
v -0.741600 -1.006773 -0.416769
v -0.808677 -1.051699 -0.553444
v -0.835749 -1.098635 -0.701564
v -0.829636 -1.269637 -0.841181
v -0.723926 -1.129578 -0.367834
v -0.822066 -1.169024 -0.522992
v -0.854167 -1.220985 -0.687285
v -0.816199 -1.390743 -0.842822
v -0.859508 -1.342819 -0.675107
v -0.827899 -1.291255 -0.511788
v -0.745109 -1.247948 -0.382495
v -0.655105 -1.216168 -0.306022
v -0.598128 -1.322629 -0.279055
v -0.537768 -1.443399 -0.270894
v -0.726886 -1.361839 -0.364077
v -0.694669 -1.474864 -0.344706
v -0.819230 -1.408049 -0.492731
v -0.798180 -1.518209 -0.469880
v -0.852349 -1.460469 -0.656331
v -0.833429 -1.565622 -0.621713
v -0.793823 -1.519128 -0.832707
v -0.717348 -1.664410 -0.844230
v -0.720271 -1.084070 -1.857763
v -0.633287 -0.991751 -1.846868
v -0.787357 -1.168835 -1.868755
v -0.486007 -1.724586 -1.031252
v -0.411472 -1.808238 -1.061466
v -0.471353 -1.782809 -1.166316
v -0.582874 -1.836269 -1.164664
v -0.505757 -1.559542 -0.276638
v -0.666631 -1.579108 -0.332237
v -0.509903 -1.664679 -0.275606
v -0.397591 -1.675762 -0.295128
v -0.774219 -1.621223 -0.450649
v -0.649263 -1.678780 -0.320992
v -0.757318 -1.719614 -0.431467
v -0.810063 -1.667688 -0.592296
v -0.597135 -1.789402 -0.835951
v -0.491969 -1.845982 -0.789862
v -0.407888 -1.872757 -0.708026
v -0.790692 -1.763780 -0.565046
v -0.342388 -1.873123 -0.621247
v -0.300828 -1.837573 -0.512688
v -0.302056 -1.767105 -0.428261
v -0.328311 -1.717930 -0.358123
v -0.348193 -1.816712 -0.331971
v -0.416820 -1.781230 -0.279636
v -0.516367 -1.767487 -0.265846
v -0.638444 -1.774357 -0.304725
v -0.746017 -1.809399 -0.408168
v -0.776278 -1.855571 -0.534957
v -0.799677 -1.613448 -0.762385
v -0.781336 -1.718852 -0.722336
v -0.764599 -1.809506 -0.687263
v -0.752706 -1.898565 -0.645252
v -0.694764 -1.772998 -0.805679
v -0.673299 -1.866126 -0.766500
v -0.661361 -1.947507 -0.722171
v -0.562380 -1.891506 -0.783306
v -0.452359 -1.947531 -0.706054
v -0.556162 -1.960546 -0.739906
v -0.351903 -1.946028 -0.594697
v -0.309651 -1.921491 -0.490923
v -0.316093 -1.867656 -0.399785
v -0.461702 -0.956666 -0.175816
v 0.000000 -1.104638 -0.015180
v -0.146381 -1.077801 -0.025482
v -0.335810 -1.036286 -0.092646
v -0.282597 -1.193551 -0.105719
v -0.152346 -1.214152 -0.062347
v 0.000000 -1.227978 -0.046625
v -0.238750 -1.335322 -0.134454
v 0.000000 -1.352943 -0.094334
v -0.130795 -1.332613 -0.100298
v -0.149566 -1.477095 -0.185958
v -0.115683 -1.611279 -0.295474
v 0.000000 -1.601790 -0.269450
v 0.000000 -1.706156 -0.404446
v -0.099959 -1.704529 -0.414748
v 0.000000 -1.786937 -0.541068
v -0.106263 -1.779889 -0.542696
v 0.000000 -1.849826 -0.654921
v -0.134274 -1.838215 -0.661130
v -0.170347 -1.892650 -0.807283
v 0.000000 -1.914885 -0.797778
v -0.266905 -1.900726 -0.938035
v -0.309975 -1.914885 -1.120258
v -0.154243 -1.943076 -0.936094
v -0.153565 -1.992954 -1.124290
v 0.000000 -2.006507 -1.095013
v -0.416245 -1.840413 -1.249294
v -0.278531 -1.969100 -1.288832
v -0.391162 -1.876392 -1.339659
v 0.000000 -2.045544 -1.276363
v -0.141503 -2.024941 -1.267858
v -0.129711 -2.054218 -1.427861
v -0.385742 -1.912174 -1.470589
v -0.268773 -1.998375 -1.447345
v -0.891299 -1.236989 -1.680945
v -0.864191 -1.281107 -1.869615
v -0.644344 -2.171491 -1.088422
v -0.702094 -2.163290 -1.076731
v -0.704344 -2.127791 -1.066236
v -0.651779 -2.119070 -1.081276
v -0.760507 -2.117356 -1.075973
v -0.759405 -2.167720 -1.087219
v -0.801282 -2.156455 -1.120082
v -0.814946 -2.110030 -1.109072
v -0.863334 -2.170996 -1.142924
v -0.863388 -2.103652 -1.125312
v -0.583891 -2.127724 -1.080699
v -0.587453 -2.189247 -1.099257
v -0.530708 -2.128845 -1.116825
v -0.538030 -2.187624 -1.136349
v -0.528446 -2.196760 -1.214447
v -0.496613 -2.138794 -1.191652
v -0.479804 -2.141368 -1.272162
v -0.524737 -2.194539 -1.293329
v -0.894905 -2.174278 -1.199124
v -0.907552 -2.102322 -1.182374
v -0.711423 -2.215369 -1.127062
v -0.764539 -2.206058 -1.145487
v -0.822268 -2.194068 -1.152486
v -0.653598 -2.213552 -1.134810
v -0.588319 -2.224747 -1.163265
v -0.579390 -2.065543 -1.104575
v -0.531235 -2.074550 -1.138221
v -0.652512 -2.072725 -1.093090
v -0.705530 -2.071037 -1.073193
v -0.759108 -2.074975 -1.084572
v -0.502113 -2.087461 -1.190770
v -0.817602 -2.069643 -1.113158
v -0.857687 -2.064286 -1.131807
v -0.896160 -2.058648 -1.183873
v -0.801755 -2.030406 -1.133921
v -0.847919 -2.023026 -1.161422
v -0.876390 -2.023764 -1.197439
v -0.758835 -2.032633 -1.115816
v -0.704868 -2.025529 -1.107118
v -0.652376 -2.029040 -1.121068
v -0.589267 -2.027788 -1.138565
v -0.545529 -2.038123 -1.169370
v -0.884781 -2.015048 -1.259098
v -0.911845 -2.059041 -1.257965
v -0.918604 -2.107538 -1.259022
v -0.884069 -2.179752 -1.261059
v -0.916808 -2.061375 -1.350247
v -0.895394 -2.019236 -1.352339
v -0.922295 -2.112457 -1.347638
v -0.882241 -2.174180 -1.345019
v -0.728198 -1.988715 -1.176192
v -0.664898 -1.984854 -1.189398
v -0.612884 -1.987858 -1.208202
v -0.570540 -1.998906 -1.227085
v -0.842092 -1.977652 -1.291790
v -0.834444 -1.988737 -1.227025
v -0.849828 -1.972653 -1.357526
v -0.510179 -2.060309 -1.208738
v -0.528264 -2.017613 -1.254206
v -0.481432 -2.087697 -1.264843
v -0.496328 -2.038229 -1.288313
v -0.583969 -2.206899 -1.265253
v -0.658965 -2.212411 -1.243207
v -0.722027 -2.211596 -1.243322
v -0.801340 -2.206788 -1.235537
v -0.794574 -1.989137 -1.192007
v -0.561773 -0.586378 -0.942283
v 0.000000 -0.408783 -1.092981
v -0.170764 -0.427275 -1.089240
v -0.317019 -0.458337 -1.059023
v -0.448484 -0.510585 -1.007848
v -0.170649 -0.500439 -1.200028
v 0.000000 -0.489022 -1.210357
v -0.315105 -0.533624 -1.174162
v -0.441387 -0.587029 -1.131463
v -0.550925 -0.662638 -1.077026
v -0.544239 -0.727266 -1.214536
v -0.441187 -0.651244 -1.264812
v -0.323892 -0.595310 -1.305650
v -0.198427 -0.561129 -1.336492
v 0.000000 -0.545949 -1.355383
v -0.194090 -0.608296 -1.485498
v -0.329521 -0.644691 -1.447054
v -0.448362 -0.701626 -1.406610
v -0.550570 -0.777382 -1.359181
v -0.183791 -0.648415 -1.610195
v -0.331411 -0.689459 -1.587969
v -0.454711 -0.747389 -1.554044
v -0.562166 -0.822092 -1.510434
v -0.177284 -0.708053 -1.763896
v -0.337327 -0.746250 -1.731730
v -0.455506 -0.798462 -1.706139
v -0.575508 -0.874176 -1.675171
v -0.416915 -0.844945 -1.863990
v -0.293846 -0.801844 -1.887844
v -0.547079 -0.922613 -1.853835
v -0.129031 -1.123340 -2.291951
v -0.152346 -1.076986 -2.326107
v -0.235836 -1.172948 -2.306183
v -0.255895 -1.132287 -2.358366
v -0.313906 -1.259422 -2.325294
v -0.336119 -1.218782 -2.391707
v -0.338304 -1.347522 -2.336273
v -0.361541 -1.317532 -2.415144
v -0.322040 -1.460119 -2.346743
v -0.331797 -1.439078 -2.450803
v -0.253728 -1.577869 -2.362297
v -0.247221 -1.546018 -2.479265
v -0.155597 -1.658446 -2.371039
v -0.152346 -1.612363 -2.490720
v 0.000000 -1.651397 -2.505289
v -0.394087 -1.277285 -2.510881
v -0.373903 -1.173214 -2.461902
v -0.358028 -1.409541 -2.563741
v -0.269011 -1.520010 -2.599545
v -0.163729 -1.593387 -2.611550
v 0.000000 -1.628627 -2.627001
v -0.307943 -1.071024 -2.403634
v -0.185958 -1.022907 -2.342102
v -0.159934 -0.941923 -2.311470
v -0.364055 -1.012811 -2.446508
v -0.281919 -0.959069 -2.367040
v -0.414459 -1.124530 -2.535743
v -0.423218 -1.238246 -2.617788
v -0.375951 -1.359050 -2.697871
v -0.288757 -1.452007 -2.757592
v -0.161555 -1.536751 -2.782694
v 0.000000 -1.568178 -2.792765
v -0.136080 -1.441043 -2.937385
v -0.291777 -1.368308 -2.887696
v -0.381469 -1.283072 -2.813836
v -0.441554 -1.176172 -2.723507
v -0.380050 -1.194759 -2.898079
v -0.440228 -1.112763 -2.813503
v -0.288497 -1.270745 -2.973471
v -0.141503 -1.337492 -3.023587
v -0.449475 -1.066485 -2.621541
v -0.465068 -1.009645 -2.695482
v -0.425309 -0.957959 -2.529590
v -0.179454 -0.886352 -2.278669
v -0.318602 -0.896029 -2.365208
v -0.463998 -0.920168 -2.673626
v 0.000000 -1.224724 -3.108162
v -0.141540 -1.221196 -3.086198
v 0.000000 -1.055646 -3.132274
v -0.161420 -1.058779 -3.112597
v -0.149766 -0.905287 -3.096260
v 0.000000 -0.908618 -3.112231
v 0.000000 -0.773746 -3.062675
v -0.137292 -0.774730 -3.052040
v -0.280787 -1.181279 -3.026718
v -0.376797 -1.130599 -2.938198
v -0.279639 -1.048884 -3.055429
v -0.384929 -1.034358 -2.955548
v -0.283751 -0.907721 -3.043930
v -0.385986 -0.900666 -2.951102
v -0.273974 -0.774464 -3.006265
v -0.377019 -0.779349 -2.917939
v -0.448902 -1.014741 -2.829226
v -0.450467 -0.903730 -2.819966
v -0.438105 -0.796806 -2.790682
v -0.453794 -0.821044 -2.648431
v -0.422396 -0.851694 -2.501829
v 0.000000 -0.633801 -2.980783
v -0.137679 -0.638408 -2.972951
v -0.254949 -0.650573 -2.938564
v -0.353902 -0.669229 -2.857981
v -0.412783 -0.697305 -2.743475
v -0.433457 -0.726462 -2.614721
v -0.415185 -0.757207 -2.477944
v -0.352980 -0.801236 -2.353041
v 0.000000 -0.527786 -2.886965
v -0.136364 -0.531102 -2.875420
v -0.247050 -0.552587 -2.839967
v -0.329333 -0.585981 -2.775690
v -0.377063 -0.614900 -2.693623
v -0.120899 -0.448902 -2.757119
v -0.226620 -0.477637 -2.714722
v -0.333967 -0.549473 -2.659869
v -0.402386 -0.645226 -2.575231
v -0.393072 -0.675513 -2.446499
v -0.358905 -0.567363 -2.530769
v -0.353484 -0.601925 -2.407092
v 0.000000 -0.384387 -2.616566
v -0.116562 -0.399568 -2.596778
v -0.220114 -0.444023 -2.589814
v 0.000000 -0.373002 -2.458595
v -0.110600 -0.391977 -2.459206
v -0.209270 -0.435891 -2.472894
v -0.106805 -0.416915 -2.340880
v -0.204392 -0.458662 -2.356467
v 0.000000 -0.396314 -2.344067
v -0.284631 -0.492818 -2.615354
v -0.298183 -0.497696 -2.495192
v -0.300895 -0.531175 -2.382221
v 0.000000 -0.462457 -2.220117
v -0.111142 -0.484685 -2.218489
v -0.215777 -0.537273 -2.239634
v -0.272162 -0.577394 -2.265658
v -0.327307 -0.639787 -2.306660
v -0.355405 -0.718721 -2.335546
v 0.000000 -0.780701 -2.028194
v -0.093792 -0.774872 -2.056929
v -0.120899 -0.670643 -2.080784
v -0.195176 -0.724046 -2.124631
v -0.096503 -0.813907 -2.082478
v -0.120087 -0.576308 -2.132829
v -0.228788 -0.600164 -2.195721
v -0.282461 -0.689686 -2.220659
v -0.291679 -0.747494 -2.246953
v -0.203308 -0.790595 -2.174034
v -0.265113 -0.821226 -2.270808
v -0.167524 -0.842642 -2.213068
v -0.083492 -0.847386 -2.139336
v 0.000000 -0.851858 -2.087492
v -1.010031 -1.524467 -1.381338
v -1.001899 -1.655057 -1.359956
v -0.986719 -1.380932 -1.489835
v -0.975875 -1.400516 -1.673015
v -1.007861 -1.569126 -1.663189
v -0.940094 -1.603418 -1.863921
v -0.928708 -1.446057 -1.872597
v -0.777990 -1.332207 -2.049339
v -0.689139 -1.167474 -2.034334
v -0.811604 -1.514640 -2.042291
v -0.159934 -0.772025 -1.900822
v -0.262402 -0.900788 -2.065805
v -0.133371 -0.858771 -2.050061
v -0.388724 -0.949851 -2.066687
v -0.543446 -1.023762 -2.034914
v 0.000000 -1.032531 -2.221456
v -0.210898 -1.031718 -2.214661
v -0.332339 -1.099079 -2.232044
v -0.431012 -1.202902 -2.252103
v -0.474926 -1.309978 -2.261321
v -0.448360 -1.471979 -2.281820
v -0.336676 -1.624019 -2.305776
v -0.198971 -1.730011 -2.313637
v -0.061805 -0.946871 -2.155127
v -0.232583 -0.961237 -2.145842
v -0.374627 -1.015996 -2.150721
v -0.513960 -1.115479 -2.155600
v -0.598536 -1.260912 -2.183249
v -0.638657 -1.453919 -2.187586
v -0.486853 -1.679522 -2.230960
v -0.333288 -1.833562 -2.202225
v -0.657632 -1.615276 -2.153974
v -0.804014 -1.672949 -2.013826
v -0.474113 -1.806997 -2.172406
v -0.975333 -1.759557 -1.380761
v -0.930334 -1.854266 -1.394960
v -0.294932 -1.941722 -2.084579
v -0.475874 -1.897535 -2.039579
v -0.161833 -1.864465 -2.236381
v -0.124965 -1.973166 -2.111145
v -0.121714 -2.037410 -1.981027
v -0.250475 -2.014641 -1.948497
v -0.362294 -1.969100 -1.882896
v -0.403363 -1.943618 -1.952292
v -0.111955 -2.081867 -1.788969
v -0.240715 -2.041205 -1.790459
v -0.115885 -2.075903 -1.597759
v -0.360804 -1.964219 -1.774060
v -0.510463 -1.899272 -1.261814
v -0.459745 -1.930065 -1.347249
v -0.436433 -1.986448 -1.462999
v -0.370130 -1.934402 -1.615074
v -0.401735 -1.997562 -1.591761
v -0.389266 -2.008677 -1.743563
v -0.391977 -2.011117 -1.848743
v -0.751966 -1.926135 -1.971809
v -0.628626 -1.961510 -2.013014
v -0.626594 -1.863921 -2.047711
v -0.767688 -1.819363 -1.996749
v -0.913528 -1.733264 -1.858500
v -0.992681 -1.697465 -1.672322
v -0.644619 -1.751425 -2.120902
v -0.515046 -1.974963 -1.996208
v -0.584442 -1.953920 -1.283276
v -0.698835 -1.928573 -1.280565
v -0.728707 -1.865395 -1.198007
v -0.610028 -1.883773 -1.208393
v -0.786664 -1.929930 -1.329359
v -0.510436 -1.983874 -1.339117
v -0.425589 -1.996494 -1.944702
v -0.451613 -2.078698 -1.931691
v -0.413120 -2.088916 -1.839525
v -0.440770 -2.082951 -1.439822
v -0.416373 -2.083764 -1.574547
v -0.471672 -2.048660 -1.347249
v -0.756845 -1.957173 -1.259964
v -0.671998 -1.964763 -1.246951
v -0.853348 -1.940536 -1.442669
v -1.022500 -1.543780 -1.516266
v -1.012742 -1.668001 -1.523925
v -0.952021 -1.861567 -1.570023
v -0.891299 -1.940467 -1.593964
v -0.987260 -1.775585 -1.545678
v -0.970454 -1.791985 -1.658614
v -0.874493 -1.877611 -1.849013
v -0.932503 -1.868125 -1.693956
v -0.900517 -1.933385 -1.711035
v -0.860938 -1.931194 -1.847386
v -0.901059 -2.035074 -1.592845
v -0.885337 -2.031820 -1.714288
v -0.628897 -2.033073 -2.000545
v -0.632388 -2.134237 -1.928877
v -0.524939 -2.141503 -1.910548
v -0.528057 -2.052626 -1.986448
v -0.747087 -2.014184 -1.950395
v -0.743428 -2.100572 -1.900246
v -0.827326 -2.020739 -1.855789
v -0.806437 -2.095176 -1.831450
v -0.860396 -2.095422 -1.726757
v -0.407158 -2.094878 -1.728654
v -0.459445 -2.147925 -1.822554
v -0.256675 -2.020604 -1.608025
v -0.896178 -2.094336 -1.609653
v -0.901059 -2.026839 -1.459341
v -0.459203 -2.105722 -1.351317
v -0.484645 -2.168138 -1.359536
v -0.468421 -2.158311 -1.448362
v -0.455950 -2.149908 -1.582272
v -0.448016 -2.146968 -1.714015
v -0.561860 -2.207699 -1.357157
v -0.545032 -2.200722 -1.457356
v -0.536658 -2.192676 -1.582279
v -0.524140 -2.188195 -1.697531
v -0.521915 -2.183942 -1.769065
v -0.577147 -2.184386 -1.815153
v -0.643147 -2.179037 -1.825699
v -0.608456 -2.198447 -1.693328
v -0.621975 -2.207454 -1.580935
v -0.628284 -2.220188 -1.472627
v -0.645885 -2.231764 -1.350833
v -0.583627 -1.979944 -1.270263
v -0.530227 -1.994023 -1.304961
v -0.755037 -2.148134 -1.827457
v -0.916499 -2.106537 -1.473589
v -0.869463 -2.175788 -1.456716
v -0.847499 -2.162853 -1.610644
v -0.820083 -2.153004 -1.718004
v -0.788181 -2.147570 -1.788827
v -0.796119 -2.217161 -1.351568
v -0.787423 -2.208838 -1.463574
v -0.698617 -2.224347 -1.470333
v -0.717093 -2.232430 -1.346592
v -0.662758 -2.197493 -1.700505
v -0.679135 -2.207990 -1.589390
v -0.768910 -2.181495 -1.713980
v -0.776422 -2.193953 -1.602867
v -0.530276 -1.864405 -0.251847
v -0.641346 -1.870445 -0.286607
v -0.735176 -1.880973 -0.382066
v -0.768108 -1.922306 -0.502020
v -0.745562 -1.967417 -0.606786
v -0.653964 -2.013014 -0.683654
v -0.555398 -2.026235 -0.700143
v -0.452601 -2.020644 -0.668116
v -0.364339 -2.017018 -0.573509
v -0.316990 -2.002212 -0.468854
v -0.325904 -1.961268 -0.365209
v -0.368747 -1.907217 -0.299824
v -0.440845 -1.875413 -0.260381
v -0.762350 -1.985093 -0.465563
v -0.736335 -2.033637 -0.572253
v -0.655463 -2.072108 -0.641910
v -0.552116 -2.086746 -0.663053
v -0.464082 -2.085933 -0.635404
v -0.373328 -2.082940 -0.544679
v -0.317445 -2.068696 -0.428125
v -0.315815 -2.023813 -0.372220
v -0.335988 -2.126378 -0.430610
v -0.367366 -2.170669 -0.430750
v -0.386619 -2.129321 -0.529905
v -0.555369 -2.152889 -0.616428
v -0.468421 -2.150179 -0.591488
v -0.416202 -2.172099 -0.518466
v -0.661563 -2.131204 -0.592574
v -0.732991 -2.085121 -0.530768
v -0.758164 -2.045671 -0.464528
v -0.737869 -2.108433 -0.491734
v -0.698344 -2.159446 -0.508020
v -0.551594 -2.198339 -0.554363
v -0.466991 -2.189616 -0.543180
v -0.631544 -2.185952 -0.553104
v -0.631671 -2.216284 -0.407075
v -0.470036 -2.221587 -0.423664
v -0.544998 -2.225939 -0.415967
v -0.409429 -2.198570 -0.428560
v 0.615482 0.768816 -0.329427
v 0.601158 0.765363 -0.389016
v -0.617228 0.768195 -0.329460
v -0.605513 0.766682 -0.388481
v 0.556691 0.830747 -0.328391
v 0.552910 0.834395 -0.369644
v -0.557213 0.830664 -0.328453
v -0.554428 0.832718 -0.366512
v -0.574984 0.799471 -0.393911
v -0.536428 0.807414 -0.400210
v -0.506514 0.808244 -0.398039
v 0.566375 0.796310 -0.402369
v 0.532902 0.807848 -0.404009
v 0.506101 0.808883 -0.398385
vn 0.6881 0.3795 0.6185
vn 0.8988 0.3560 0.2557
vn 0.8616 -0.1934 0.4693
vn 0.5875 0.0942 0.8037
vn 0.4910 -0.3987 0.7746
vn 0.4399 0.0131 0.8980
vn 0.1853 -0.3684 0.9110
vn 0.3487 -0.0025 0.9372
vn 0.0184 -0.1423 0.9897
vn 0.3295 0.0338 0.9435
vn 0.2712 0.1012 0.9572
vn -0.1297 0.2696 0.9542
vn 0.1595 0.2931 0.9427
vn 0.1829 0.5253 0.8310
vn -0.0531 0.6372 0.7689
vn 0.3859 0.6611 0.6435
vn 0.2416 0.8659 0.4381
vn 0.6251 0.7392 0.2508
vn 0.6680 0.5706 0.4777
vn 0.7521 0.5138 0.4128
vn 0.6686 0.5565 0.4932
vn 0.3910 0.0924 0.9157
vn 0.2965 0.3059 0.9047
vn 0.3005 0.3256 0.8965
vn 0.3732 0.3319 0.8664
vn 0.4783 0.3171 0.8190
vn 0.5575 0.2594 0.7886
vn 0.5054 0.2342 0.8305
vn 0.4161 0.2901 0.8618
vn 0.3837 0.3277 0.8634
vn 0.4883 0.3598 0.7950
vn 0.7130 0.3840 0.5867
vn 0.7251 0.5106 0.4622
vn 0.5203 0.6890 0.5044
vn 0.3856 0.5494 0.7413
vn 0.1729 0.6985 0.6944
vn 0.2735 0.8430 0.4632
vn 0.6175 0.6269 0.4752
vn 0.7210 0.4247 0.5475
vn 0.7721 0.2745 0.5731
vn 0.1172 0.4285 0.8959
vn -0.0000 0.4800 0.8773
vn -0.0000 0.7409 0.6716
vn -0.0000 0.8897 0.4565
vn -0.0000 0.8599 0.5104
vn 0.3448 0.7900 0.5070
vn -0.0000 0.5647 0.8253
vn 0.3729 0.5288 0.7624
vn 0.6794 0.3375 0.6515
vn 0.7355 0.2079 0.6449
vn 0.5927 0.1524 0.7909
vn -0.0000 -0.0276 0.9996
vn 0.3239 -0.0110 0.9460
vn 0.6035 -0.0772 0.7936
vn -0.0000 -0.3131 0.9497
vn 0.2483 -0.2317 0.9406
vn 0.4403 -0.0916 0.8932
vn 0.0869 -0.2500 0.9643
vn -0.0000 -0.3098 0.9508
vn 0.2902 -0.1231 0.9490
vn 0.5913 -0.0375 0.8056
vn 0.7737 0.0299 0.6329
vn 0.7034 0.1122 0.7019
vn -0.0000 -0.5236 0.8520
vn -0.0540 -0.5414 0.8390
vn 0.2500 -0.5214 0.8158
vn 0.5165 -0.4806 0.7087
vn 0.5081 0.1271 0.8519
vn 0.4835 0.1273 0.8660
vn 0.6152 0.1347 0.7768
vn 0.6784 -0.3544 0.6435
vn 0.6264 -0.1840 0.7575
vn 0.4988 -0.0751 0.8635
vn -0.0000 -0.4890 0.8723
vn 0.0400 -0.4688 0.8824
vn 0.3299 -0.5856 0.7404
vn 0.4633 -0.6324 0.6208
vn -0.0000 -0.4688 0.8833
vn 0.2451 -0.5550 0.7949
vn 0.4102 -0.5587 0.7208
vn 0.4881 -0.5262 0.6963
vn 0.4950 -0.5266 0.6911
vn 0.3918 -0.4603 0.7966
vn 0.4612 -0.3381 0.8204
vn 0.4523 -0.2347 0.8604
vn 0.3290 -0.3688 0.8694
vn 0.3963 -0.3789 0.8363
vn -0.0000 -0.7069 0.7073
vn 0.1741 -0.6784 0.7138
vn 0.3130 -0.5545 0.7710
vn 0.5196 -0.0678 0.8517
vn 0.5259 -0.2500 0.8130
vn 0.4856 -0.4235 0.7648
vn 0.1088 0.3942 0.9126
vn -0.0000 0.4145 0.9101
vn 0.2711 0.7664 0.5824
vn 0.1021 0.3260 0.9398
vn -0.4526 0.7070 0.5434
vn -0.1454 0.9606 0.2368
vn -0.0110 0.2064 0.9784
vn -0.3191 0.6413 0.6978
vn 0.1684 0.2208 0.9607
vn -0.1727 0.7593 0.6275
vn 0.2282 0.8051 0.5474
vn 0.6522 0.6210 0.4347
vn 0.8110 0.4131 0.4143
vn 0.2458 0.1860 0.9513
vn 0.2721 0.2999 0.9143
vn 0.9429 0.2418 0.2290
vn 0.8809 0.3019 0.3645
vn 0.5866 0.5914 0.5534
vn 0.0999 0.1561 0.9827
vn 0.3278 0.5849 0.7419
vn -0.0000 -0.5827 0.8127
vn 0.1137 -0.5411 0.8333
vn 0.2285 -0.4480 0.8644
vn -0.0000 -0.6291 0.7773
vn 0.1211 -0.5988 0.7917
vn 0.2660 -0.5093 0.8185
vn 0.3398 -0.6382 0.6908
vn 0.1659 -0.7493 0.6412
vn -0.0000 -0.7731 0.6343
vn 0.6681 -0.0859 0.7391
vn 0.6578 -0.2904 0.6950
vn 0.6052 -0.4699 0.6426
vn 0.1760 -0.8788 0.4435
vn 0.3628 -0.8212 0.4404
vn -0.0000 -0.8981 0.4397
vn -0.0000 0.5873 0.8094
vn 0.1757 0.5519 0.8152
vn 0.3142 0.5706 0.7587
vn 0.4527 0.5379 0.7112
vn 0.7088 0.3182 0.6295
vn 0.7121 0.2544 0.6544
vn 0.8019 0.1112 0.5870
vn 0.8355 -0.0933 0.5416
vn 0.8123 -0.2912 0.5054
vn 0.7572 -0.4438 0.4793
vn 0.5106 -0.6161 0.5998
vn 0.9185 0.1052 0.3812
vn 0.8708 0.2484 0.4242
vn 0.9375 -0.0915 0.3357
vn 0.9102 -0.2835 0.3020
vn 0.8543 -0.4443 0.2698
vn 0.8263 0.3554 0.4369
vn 0.5811 0.4750 0.6608
vn 0.6780 0.4142 0.6072
vn 0.7556 0.4804 0.4454
vn 0.6079 0.6246 0.4902
vn 0.4414 0.7171 0.5394
vn 0.2945 0.7608 0.5783
vn 0.1604 0.7696 0.6181
vn -0.0000 0.7663 0.6425
vn 0.1595 0.8874 0.4325
vn -0.0000 0.9010 0.4338
vn 0.2679 0.8765 0.3999
vn 0.4027 0.8285 0.3892
vn 0.6358 0.6897 0.3466
vn 0.8022 0.5200 0.2934
vn 0.8896 0.3798 0.2536
vn 0.9472 0.2377 0.2154
vn 0.9822 0.0804 0.1695
vn 0.9872 -0.0841 0.1356
vn 0.9613 -0.2632 0.0819
vn 0.8802 -0.4743 0.0152
vn 0.7317 -0.6301 0.2602
vn 0.6728 -0.6009 0.4315
vn 0.7225 -0.6835 0.1041
vn -0.0000 -0.9674 0.2531
vn -0.0000 -0.8830 0.4694
vn 0.1657 -0.8962 0.4115
vn 0.1591 -0.9557 0.2474
vn 0.2097 -0.5147 0.8313
vn -0.0000 -0.4449 0.8956
vn 0.1317 0.9648 0.2277
vn 0.3076 0.9076 0.2856
vn 0.4767 0.8397 0.2601
vn 0.6491 0.7125 0.2666
vn 0.8577 0.4682 0.2125
vn 0.9352 0.2918 0.2008
vn 0.8103 0.2199 -0.5433
vn 0.7771 0.2634 -0.5715
vn 0.9475 0.1796 -0.2647
vn 0.6203 0.6842 -0.3836
vn 0.7578 0.3690 -0.5381
vn -0.2597 0.9482 -0.1827
vn 0.1973 0.9387 -0.2828
vn -0.6539 0.7369 -0.1713
vn -0.3140 0.9188 -0.2391
vn -0.5501 0.8254 -0.1265
vn 0.4885 0.3189 -0.8122
vn 0.3923 0.3025 -0.8686
vn 0.4319 0.4556 -0.7784
vn 0.4435 0.8417 0.3078
vn 0.6549 0.7093 0.2610
vn 0.8296 0.5245 0.1915
vn 0.2659 0.9129 0.3097
vn 0.1600 0.9464 0.2806
vn -0.0000 0.9576 0.2882
vn 0.0839 0.9847 0.1525
vn -0.0000 0.9916 0.1297
vn 0.0445 0.9990 -0.0106
vn -0.0000 0.9998 -0.0194
vn -0.0000 0.9824 -0.1868
vn 0.0474 0.9769 -0.2083
vn 0.9238 0.3719 0.0912
vn 0.9741 0.2261 -0.0020
vn 0.9956 0.0652 -0.0677
vn 0.9857 -0.1183 -0.1196
vn 0.9554 0.2873 -0.0691
vn 0.9559 0.1951 -0.2195
vn 0.9524 0.0616 -0.2985
vn 0.9150 0.2274 -0.3332
vn 0.8812 0.1656 -0.4427
vn 0.6267 -0.6082 0.4871
vn 0.5020 -0.8416 0.1991
vn 0.3406 -0.8845 0.3189
vn 0.4252 -0.5776 0.6968
vn 0.8057 -0.5398 0.2438
vn 0.6859 -0.7268 0.0359
vn 0.9278 -0.3718 0.0319
vn 0.8067 -0.5707 -0.1533
vn 0.9721 -0.1723 -0.1589
vn 0.8347 -0.4307 -0.3432
vn 0.7997 -0.2967 -0.5220
vn 0.9363 0.0311 -0.3497
vn 0.8373 0.1579 -0.5235
vn 0.7237 -0.1834 -0.6654
vn 0.5236 -0.8308 0.1888
vn 0.9226 -0.3179 -0.2184
vn 0.8817 -0.1990 -0.4277
vn 0.9399 -0.0756 -0.3329
vn 0.7870 -0.0913 -0.6101
vn 0.6071 -0.0678 -0.7917
vn 0.6834 0.2345 -0.6914
vn -0.0000 0.1012 -0.9949
vn 0.2319 0.0838 -0.9691
vn 0.2260 0.3802 -0.8968
vn -0.0000 0.4251 -0.9051
vn 0.6379 -0.0014 -0.7701
vn 0.2276 0.0908 -0.9695
vn -0.0000 0.0920 -0.9958
vn 0.8574 0.0373 -0.5133
vn 0.6986 0.1071 -0.7075
vn 0.7698 0.2532 -0.5859
vn 0.5127 0.4040 -0.7576
vn 0.7624 0.2754 -0.5856
vn 0.7449 0.2087 -0.6337
vn 0.5757 0.2938 -0.7630
vn 0.5177 0.4254 -0.7424
vn 0.4784 0.1807 -0.8594
vn 0.4441 0.0674 -0.8935
vn 0.4414 0.0309 -0.8968
vn 0.4717 0.2883 -0.8333
vn 0.2420 0.2132 -0.9465
vn -0.0000 0.2324 -0.9726
vn -0.0000 0.4309 -0.9024
vn 0.2206 0.3971 -0.8909
vn 0.1607 0.6086 -0.7770
vn -0.0000 0.6428 -0.7660
vn 0.3966 0.3574 -0.8455
vn 0.0839 0.7899 -0.6075
vn -0.0000 0.8111 -0.5849
vn 0.0618 0.9182 -0.3912
vn -0.0000 0.9216 -0.3881
vn 0.3124 0.5482 -0.7758
vn 0.2155 0.6044 -0.7670
vn -0.1805 0.8766 -0.4460
vn 0.0490 0.5129 -0.8571
vn -0.0293 0.4255 -0.9045
vn -0.2269 0.5954 -0.7707
vn 0.2836 0.3378 -0.8975
vn 0.0749 0.6325 -0.7709
vn -0.2692 0.7582 -0.5939
vn -0.4382 0.6562 -0.6143
vn -0.4547 0.6024 -0.6560
vn -0.1073 0.7545 -0.6475
vn 0.7883 -0.3464 0.5085
vn 0.8608 0.2485 0.4441
vn 0.4066 -0.6162 0.6745
vn 0.0223 -0.5319 0.8465
vn -0.2569 -0.2599 0.9308
vn -0.3455 0.1844 0.9201
vn -0.2098 0.6059 0.7674
vn 0.0795 0.7830 0.6169
vn 0.5631 0.7214 0.4031
vn 0.1241 0.0451 0.9912
vn 0.5501 -0.7280 0.4091
vn 0.3390 -0.9145 0.2210
vn -0.3425 -0.0220 0.9392
vn -0.2374 -0.6828 0.6910
vn 0.0148 -0.6811 0.7321
vn -0.0167 -0.0951 0.9953
vn 0.2268 -0.6891 0.6883
vn 0.2518 -0.0370 0.9671
vn 0.3465 -0.6682 0.6584
vn 0.5156 -0.0684 0.8541
vn 0.8365 -0.0553 0.5452
vn 0.6987 -0.6467 0.3059
vn -0.5175 -0.0329 0.8550
vn -0.3624 -0.6909 0.6256
vn -0.8123 -0.0416 0.5818
vn -0.6945 -0.6053 0.3891
vn -0.9631 -0.2083 0.1706
vn -0.6594 -0.7516 0.0196
vn -0.9365 -0.3466 -0.0526
vn 0.7822 -0.6095 0.1294
vn 0.9635 -0.1018 0.2477
vn 0.0498 -0.9685 0.2439
vn 0.1574 -0.9702 0.1841
vn 0.2840 -0.9279 0.2413
vn -0.0936 -0.9728 0.2118
vn -0.2075 -0.9699 0.1277
vn -0.5071 0.5069 0.6971
vn -0.7532 0.4264 0.5009
vn -0.3260 0.5229 0.7876
vn -0.0469 0.5107 0.8585
vn 0.1903 0.5050 0.8419
vn -0.9475 0.1985 0.2505
vn 0.4330 0.5294 0.7296
vn 0.7222 0.4611 0.5156
vn 0.8873 0.3271 0.3250
vn 0.6005 0.6404 0.4788
vn 0.3265 0.7274 0.6036
vn 0.7779 0.4859 0.3984
vn 0.1554 0.7264 0.6694
vn -0.0365 0.7369 0.6750
vn -0.2876 0.7146 0.6376
vn -0.4723 0.6591 0.5852
vn -0.6708 0.5834 0.4579
vn 0.9699 0.1325 0.2043
vn 0.8799 0.3256 0.3461
vn 0.9663 -0.2304 0.1149
vn 0.6264 -0.7779 0.0498
vn 0.9720 0.1302 0.1958
vn 0.9965 -0.0433 0.0714
vn 0.9425 -0.3341 -0.0001
vn 0.6994 -0.7137 -0.0388
vn 0.0508 0.6340 0.7717
vn -0.3107 0.5351 0.7856
vn -0.6358 0.4575 0.6216
vn 0.8059 0.3270 0.4936
vn 0.6501 0.5147 0.5590
vn 0.9399 0.1405 0.3112
vn -0.8677 0.4001 0.2949
vn -0.8633 0.3154 0.3941
vn -0.9970 0.0102 0.0763
vn -0.9624 0.1803 0.2033
vn -0.6550 -0.7452 -0.1249
vn -0.2597 -0.9631 -0.0705
vn -0.0920 -0.9957 0.0047
vn 0.0253 -0.9990 0.0378
vn 0.1980 -0.9801 0.0139
vn 0.3656 0.5892 0.7205
vn 0.9110 0.3780 0.1650
vn 0.8953 0.2578 0.3632
vn 0.5769 0.5684 0.5866
vn 0.6956 0.6285 0.3479
vn 0.8322 0.1296 0.5391
vn 0.7260 -0.0837 0.6826
vn 0.2799 0.2088 0.9370
vn 0.4127 0.4535 0.7900
vn 0.1686 -0.0622 0.9837
vn 0.5591 -0.3322 0.7597
vn 0.7979 0.5935 0.1050
vn 0.7368 0.6672 0.1095
vn 0.7257 0.6763 -0.1260
vn 0.7349 0.6661 -0.1274
vn 0.8764 0.4815 0.0113
vn 0.7837 0.6159 -0.0808
vn 0.8187 0.5618 -0.1187
vn 0.9304 0.3579 -0.0789
vn 0.8328 0.5080 -0.2199
vn 0.9247 0.3331 -0.1844
vn 0.9622 0.1436 -0.2312
vn 0.7325 0.3888 0.5588
vn 0.7512 0.5411 0.3781
vn 0.6855 0.1321 0.7160
vn 0.5724 -0.1431 0.8074
vn 0.3803 -0.5415 0.7498
vn 0.0622 -0.3262 0.9433
vn 0.4271 -0.4028 0.8096
vn 0.7676 0.6076 0.2041
vn 0.7735 0.6337 0.0122
vn 0.9150 -0.2370 -0.3264
vn 0.9586 -0.0787 -0.2736
vn 0.9069 0.0007 -0.4213
vn 0.8418 -0.1589 -0.5158
vn -0.0569 -0.5378 0.8412
vn 0.2647 -0.6070 0.7493
vn 0.2384 -0.6974 0.6759
vn 0.8805 -0.3317 -0.3385
vn 0.7604 -0.2627 -0.5940
vn 0.8513 -0.4758 -0.2212
vn 0.6767 -0.3649 -0.6395
vn 0.7373 -0.6742 -0.0426
vn 0.5496 -0.5273 -0.6480
vn 0.7756 0.6130 -0.1504
vn 0.8872 0.0691 0.4562
vn 0.9011 0.2873 0.3249
vn 0.8106 -0.1701 0.5604
vn 0.6974 -0.4203 0.5805
vn 0.5591 -0.6411 0.5258
vn 0.8804 0.4248 0.2107
vn 0.8560 0.5132 0.0634
vn 0.8492 0.5239 -0.0671
vn 0.3616 -0.7013 -0.6143
vn 0.6556 -0.7509 -0.0800
vn 0.1176 -0.8850 -0.4504
vn 0.5507 -0.8297 0.0908
vn 0.3313 -0.9113 0.2446
vn -0.1779 -0.9571 -0.2288
vn -0.4283 -0.9028 0.0396
vn 0.2104 -0.8995 0.3830
vn -0.5240 -0.7676 0.3690
vn 0.2024 -0.8487 0.4886
vn 0.2190 -0.8125 0.5403
vn -0.3774 -0.7045 0.6010
vn -0.3784 -0.5256 0.7620
vn 0.2226 -0.7318 0.6441
vn -0.0338 -0.3754 0.9263
vn 0.2778 -0.5849 0.7621
vn 0.2050 -0.3028 0.9307
vn 0.3856 -0.4290 0.8168
vn 0.3427 -0.1727 0.9234
vn 0.4853 -0.2730 0.8306
vn 0.5466 -0.1723 0.8195
vn 0.4370 -0.0536 0.8978
vn 0.6003 -0.0887 0.7948
vn 0.5417 0.0475 0.8393
vn 0.6601 0.1954 0.7253
vn 0.7645 -0.0699 0.6409
vn 0.8869 0.1478 0.4377
vn 0.7517 0.3615 0.5516
vn 0.8434 0.4260 0.3273
vn 0.9174 0.3384 0.2094
vn 0.8818 0.4684 -0.0549
vn 0.7873 0.5594 -0.2592
vn 0.6368 0.6247 -0.4519
vn 0.4324 0.6753 -0.5975
vn 0.2122 0.7164 -0.6647
vn -0.0000 0.7385 -0.6742
vn 0.9109 0.3986 0.1066
vn 0.8807 0.4688 0.0677
vn 0.8938 0.4220 -0.1516
vn 0.9286 0.3616 -0.0835
vn 0.9249 0.2937 -0.2413
vn 0.9006 0.3353 -0.2765
vn 0.9230 0.1593 -0.3502
vn 0.8314 0.4684 -0.2990
vn 0.8400 0.4995 -0.2119
vn 0.8635 0.3247 0.3860
vn 0.9356 0.3118 0.1658
vn 0.9593 0.2806 -0.0320
vn 0.9517 0.2168 -0.2172
vn 0.9588 0.1031 -0.2647
vn 0.8182 0.2006 0.5388
vn 0.9442 0.2056 0.2573
vn 0.9837 0.1794 -0.0091
vn 0.9391 -0.0374 -0.3417
vn 0.7290 0.0895 0.6786
vn 0.9360 0.1136 0.3332
vn 0.9977 0.0671 -0.0053
vn 0.8888 -0.1574 -0.4303
vn 0.9990 -0.0411 -0.0165
vn 0.9305 0.0282 0.3653
vn 0.7547 0.0233 0.6557
vn 0.5161 0.0060 0.8565
vn 0.3830 -0.0601 0.9218
vn 0.2194 -0.1116 0.9692
vn 0.6827 -0.0472 0.7291
vn 0.6019 -0.0781 0.7947
vn 0.9088 -0.0558 0.4134
vn 0.8788 -0.1064 0.4651
vn 0.9924 -0.1225 -0.0138
vn 0.9837 -0.1739 0.0448
vn 0.8182 -0.2567 -0.5144
vn 0.5725 -0.3744 -0.7294
vn 0.6944 0.6434 -0.3224
vn 0.6535 0.6842 -0.3238
vn 0.7530 0.5613 -0.3435
vn 0.6781 -0.7077 0.1985
vn 0.6509 -0.7407 0.1662
vn 0.2259 -0.8119 0.5383
vn -0.1710 -0.6433 0.7463
vn 0.0854 -0.0558 0.9948
vn 0.5498 -0.0376 0.8345
vn -0.4372 0.0004 0.8993
vn 0.0735 0.0655 0.9951
vn 0.8646 -0.0948 0.4934
vn 0.5331 0.0490 0.8446
vn 0.8686 -0.0343 0.4943
vn 0.9794 -0.1871 0.0763
vn 0.1477 -0.4658 -0.8725
vn -0.3040 -0.5300 -0.7917
vn -0.5878 -0.5258 -0.6149
vn 0.9857 -0.1535 0.0688
vn -0.8347 -0.3870 -0.3918
vn -0.9757 -0.2125 -0.0531
vn -0.9498 -0.1268 0.2860
vn -0.7986 -0.0682 0.5979
vn -0.4027 0.0906 0.9109
vn -0.7788 0.0237 0.6268
vn 0.0764 0.1375 0.9876
vn 0.5195 0.1306 0.8444
vn 0.8738 0.0295 0.4854
vn 0.9912 -0.1213 0.0539
vn 0.8930 -0.2784 -0.3536
vn 0.8846 -0.3061 -0.3518
vn 0.8781 -0.3107 -0.3639
vn 0.8735 -0.3087 -0.3763
vn 0.5484 -0.4069 -0.7305
vn 0.5044 -0.4571 -0.7326
vn 0.4787 -0.4764 -0.7375
vn -0.0499 -0.4908 -0.8699
vn -0.5091 -0.4307 -0.7452
vn -0.0588 -0.5103 -0.8580
vn -0.8314 -0.2826 -0.4785
vn -0.9824 -0.1475 -0.1146
vn -0.9590 -0.0421 0.2804
vn 0.6875 -0.2803 0.6699
vn 0.2193 -0.2347 0.9470
vn -0.0000 -0.2225 0.9749
vn 0.5045 -0.2715 0.8196
vn 0.4352 -0.2570 0.8629
vn -0.0000 -0.2982 0.9545
vn 0.2333 -0.2786 0.9316
vn 0.3579 -0.3882 0.8493
vn -0.0000 -0.4274 0.9041
vn 0.1937 -0.4006 0.8955
vn 0.2073 -0.5647 0.7988
vn -0.0000 -0.5648 0.8253
vn -0.0000 -0.7096 0.7046
vn 0.1588 -0.7211 0.6744
vn -0.0000 -0.8261 0.5636
vn 0.1376 -0.8214 0.5534
vn -0.0000 -0.8718 0.4899
vn 0.1441 -0.8614 0.4871
vn -0.0000 -0.9012 0.4333
vn 0.1877 -0.8868 0.4224
vn 0.2648 -0.9000 0.3462
vn -0.0000 -0.9305 0.3662
vn 0.4726 -0.8487 0.2374
vn 0.5494 -0.8189 0.1661
vn 0.2455 -0.9291 0.2766
vn -0.0000 -0.9525 0.3045
vn 0.2724 -0.9377 0.2155
vn -0.0000 -0.9706 0.2408
vn 0.2078 -0.8872 0.4120
vn 0.5255 -0.8379 0.1478
vn 0.0971 -0.9371 0.3352
vn -0.0000 -0.9828 0.1847
vn 0.2660 -0.9475 0.1775
vn -0.0000 -0.9898 0.1426
vn 0.2532 -0.9586 0.1304
vn 0.5058 -0.8557 0.1093
vn -0.1278 -0.9551 0.2674
vn 0.8446 0.5023 -0.1857
vn 0.8245 0.4186 -0.3807
vn -0.1739 0.0473 0.9836
vn -0.0803 -0.5011 0.8616
vn 0.0030 -0.4664 0.8846
vn -0.0390 -0.0423 0.9983
vn 0.3472 -0.5025 0.7918
vn 0.3619 -0.0557 0.9305
vn 0.4135 -0.4447 0.7945
vn 0.4280 -0.0719 0.9009
vn 0.5885 -0.0268 0.8081
vn 0.5219 -0.5849 0.6209
vn -0.3148 0.0111 0.9491
vn -0.2741 -0.6042 0.7482
vn -0.7578 -0.0548 0.6502
vn -0.6714 -0.5887 0.4501
vn -0.9359 -0.2112 0.2819
vn -0.6135 -0.7831 0.1019
vn -0.9288 -0.3256 0.1769
vn -0.5584 -0.8292 0.0259
vn 0.7455 -0.6280 0.2235
vn 0.9309 -0.0212 0.3646
vn 0.0646 -0.9177 0.3920
vn 0.2523 -0.9047 0.3432
vn 0.3107 -0.8630 0.3984
vn -0.0054 -0.9386 0.3449
vn -0.1745 -0.9685 0.1775
vn -0.3501 0.4858 0.8009
vn -0.7257 0.4117 0.5513
vn -0.2017 0.4179 0.8858
vn -0.0465 0.3785 0.9244
vn 0.3016 0.3512 0.8864
vn -0.9006 0.2833 0.3296
vn 0.3682 0.3561 0.8588
vn 0.5423 0.3803 0.7492
vn 0.8362 0.3825 0.3930
vn 0.4395 0.7136 0.5455
vn 0.2653 0.7046 0.6581
vn 0.6607 0.6779 0.3224
vn 0.2262 0.6999 0.6775
vn -0.0176 0.7332 0.6798
vn -0.1725 0.7375 0.6529
vn -0.3193 0.7599 0.5663
vn -0.5943 0.6992 0.3974
vn 0.9343 0.3382 0.1127
vn 0.7318 0.6669 0.1402
vn 0.9900 -0.1268 0.0611
vn 0.6659 -0.7452 0.0369
vn 0.8208 0.5673 0.0666
vn 0.9553 0.2957 0.0082
vn 0.9770 -0.2119 -0.0230
vn 0.6639 -0.7472 -0.0313
vn 0.0393 0.8932 0.4480
vn -0.1113 0.9075 0.4050
vn -0.2668 0.8992 0.3467
vn -0.4715 0.8240 0.3141
vn 0.5345 0.8230 0.1921
vn 0.3887 0.8770 0.2825
vn 0.6947 0.7010 0.1611
vn -0.7807 0.5507 0.2953
vn -0.6583 0.6925 0.2951
vn -0.9391 0.2280 0.2570
vn -0.8247 0.4825 0.2950
vn -0.1935 -0.9811 -0.0062
vn -0.0209 -0.9988 0.0446
vn 0.0577 -0.9951 0.0799
vn 0.2342 -0.9703 0.0613
vn 0.2014 0.8786 0.4331
vn 0.7345 0.6024 -0.3125
vn -0.0000 0.8202 -0.5721
vn 0.1998 0.8145 -0.5446
vn 0.3888 0.7812 -0.4885
vn 0.5758 0.7058 -0.4127
vn 0.1889 0.8677 -0.4598
vn -0.0000 0.8832 -0.4689
vn 0.3867 0.8114 -0.4382
vn 0.5706 0.7145 -0.4048
vn 0.7212 0.5959 -0.3532
vn 0.7172 0.6455 -0.2624
vn 0.5714 0.7635 -0.3009
vn 0.4015 0.8564 -0.3246
vn 0.2144 0.9177 -0.3345
vn -0.0000 0.9416 -0.3368
vn 0.2148 0.9285 -0.3028
vn -0.0000 0.9517 -0.3071
vn 0.4023 0.8717 -0.2797
vn 0.5626 0.7927 -0.2349
vn 0.7028 0.6886 -0.1788
vn 0.2044 0.9199 -0.3347
vn -0.0000 0.9382 -0.3462
vn 0.3839 0.8731 -0.3006
vn 0.5386 0.8071 -0.2420
vn 0.6710 0.7223 -0.1673
vn 0.1921 0.8990 -0.3936
vn -0.0000 0.9148 -0.4039
vn 0.3627 0.8606 -0.3574
vn 0.5023 0.8089 -0.3056
vn 0.6304 0.7398 -0.2352
vn 0.4381 0.8006 -0.4088
vn 0.3059 0.8396 -0.4489
vn 0.5640 0.7426 -0.3612
vn 0.2686 0.9629 -0.0251
vn 0.2931 0.3501 0.8897
vn -0.0000 0.4277 0.9039
vn -0.0000 0.9962 -0.0875
vn 0.6078 0.7783 -0.1574
vn 0.5717 0.3246 0.7535
vn 0.8177 0.2194 0.5322
vn 0.8338 0.4618 -0.3024
vn 0.9590 -0.0755 0.2732
vn 0.8936 0.0505 -0.4459
vn 0.8982 -0.4375 0.0427
vn 0.7877 -0.2740 -0.5517
vn 0.6121 -0.5188 -0.5968
vn 0.7047 -0.7001 -0.1147
vn 0.3427 -0.6950 -0.6320
vn 0.4168 -0.8854 -0.2057
vn -0.0000 -0.7800 -0.6258
vn -0.0000 -0.9734 -0.2289
vn 0.9546 -0.1681 0.2460
vn 0.8484 0.0343 0.5282
vn 0.8767 -0.4807 0.0177
vn 0.6841 -0.7186 -0.1251
vn 0.4115 -0.8881 -0.2050
vn -0.0000 -0.9690 -0.2470
vn 0.6194 0.0158 0.7849
vn 0.3367 -0.0559 0.9400
vn -0.0000 -0.0748 0.9972
vn 0.2314 -0.4093 0.8826
vn -0.0000 -0.4531 0.8915
vn 0.5303 -0.2543 0.8088
vn 0.7506 -0.1084 0.6518
vn 0.9132 -0.0790 0.3998
vn 0.9653 -0.2393 0.1043
vn 0.8699 -0.4728 -0.1407
vn 0.6732 -0.6679 -0.3173
vn 0.3850 -0.8267 -0.4104
vn -0.0000 -0.8970 -0.4420
vn -0.0000 -0.7617 -0.6479
vn 0.3300 -0.7036 -0.6293
vn 0.6461 -0.5732 -0.5040
vn 0.8552 -0.4145 -0.3110
vn 0.9680 -0.2421 -0.0656
vn 0.9475 -0.1949 -0.2533
vn 0.8299 -0.3215 -0.4560
vn 0.6208 -0.4420 -0.6475
vn 0.3163 -0.5396 -0.7803
vn -0.0000 -0.5761 -0.8174
vn 0.9738 -0.0835 0.2116
vn 0.9983 -0.0505 0.0280
vn 0.9081 -0.0658 0.4136
vn 0.3107 -0.6424 0.7006
vn -0.0000 -0.7255 0.6883
vn 0.6777 -0.3082 0.6676
vn 0.9968 0.0271 0.0747
vn -0.0000 -0.3182 -0.9480
vn 0.2906 -0.3232 -0.9006
vn -0.0000 -0.0152 -0.9999
vn 0.2813 -0.0375 -0.9589
vn -0.0000 0.2289 -0.9734
vn 0.2314 0.2179 -0.9481
vn 0.1889 0.4094 -0.8926
vn -0.0000 0.4204 -0.9073
vn 0.5843 -0.2804 -0.7616
vn 0.8023 -0.2110 -0.5584
vn 0.5559 -0.0568 -0.8293
vn 0.8022 -0.0677 -0.5932
vn 0.5211 0.1696 -0.8365
vn 0.7880 0.1282 -0.6022
vn 0.4711 0.3811 -0.7955
vn 0.7615 0.3310 -0.5573
vn 0.9552 -0.0551 -0.2906
vn 0.9569 0.0937 -0.2748
vn 0.9383 0.2474 -0.2417
vn 0.9903 0.1237 0.0637
vn 0.9250 -0.0641 0.3744
vn -0.0000 0.5884 -0.8086
vn 0.1837 0.5850 -0.7899
vn 0.4453 0.5670 -0.6929
vn 0.7231 0.5061 -0.4701
vn 0.8963 0.3953 -0.2008
vn 0.9661 0.2540 0.0473
vn 0.9526 0.0371 0.3021
vn 0.8233 -0.2132 0.5261
vn -0.0000 0.7461 -0.6658
vn 0.2091 0.7498 -0.6278
vn 0.4641 0.7184 -0.5183
vn 0.6867 0.6392 -0.3462
vn 0.8389 0.5204 -0.1597
vn -0.0000 0.8915 -0.4531
vn 0.2325 0.8781 -0.4182
vn 0.4771 0.8214 -0.3124
vn 0.7354 0.6590 -0.1575
vn 0.9141 0.4032 0.0435
vn 0.9361 0.2292 0.2667
vn 0.8311 0.5531 0.0571
vn 0.8641 0.4204 0.2766
vn -0.0000 0.9791 -0.2036
vn 0.2668 0.9503 -0.1605
vn 0.4795 0.8703 -0.1126
vn -0.0000 0.9974 0.0723
vn 0.2871 0.9544 0.0815
vn 0.5028 0.8599 0.0882
vn 0.2979 0.8922 0.3395
vn 0.5221 0.7925 0.3153
vn -0.0000 0.9418 0.3362
vn 0.6385 0.7596 -0.1241
vn 0.6911 0.7182 0.0816
vn 0.7246 0.6244 0.2918
vn -0.0000 0.8079 0.5893
vn 0.3053 0.7554 0.5798
vn 0.5441 0.6530 0.5268
vn 0.7227 0.4877 0.4897
vn 0.8452 0.2675 0.4627
vn 0.8818 -0.0049 0.4716
vn -0.0000 0.3306 0.9438
vn -0.0000 -0.0900 0.9959
vn 0.4434 -0.1733 0.8794
vn 0.4014 0.2923 0.8680
vn 0.4684 -0.6526 0.5956
vn 0.6671 -0.0508 0.7432
vn -0.0000 -0.6469 0.7626
vn 0.3547 0.5400 0.7633
vn -0.0000 0.5977 0.8017
vn 0.6298 0.4109 0.6592
vn 0.7814 0.0483 0.6221
vn 0.7619 -0.2642 0.5914
vn 0.6305 -0.5148 0.5809
vn 0.5920 -0.5121 0.6223
vn 0.3957 -0.7777 0.4884
vn 0.3004 -0.9082 0.2915
vn -0.0000 -0.9378 0.3471
vn -0.0000 -0.9107 0.4130
vn -0.0000 -0.9724 0.2331
vn 0.9477 -0.1748 0.2669
vn 0.9773 0.0824 0.1950
vn 0.9444 0.3285 0.0103
vn 0.8844 0.1742 -0.4331
vn 0.9358 0.2949 -0.1931
vn 0.9792 0.0199 -0.2020
vn 0.8827 -0.0756 -0.4639
vn 0.7295 0.2614 -0.6321
vn 0.6663 0.5024 -0.5511
vn 0.7352 -0.0028 -0.6778
vn 0.1677 0.8666 -0.4699
vn -0.0000 0.8828 -0.4697
vn 0.2419 0.7798 -0.5774
vn 0.1230 0.7989 -0.5887
vn 0.3816 0.7431 -0.5497
vn 0.5409 0.6644 -0.5158
vn -0.0000 0.6192 -0.7853
vn 0.1283 0.6115 -0.7808
vn 0.2806 0.5414 -0.7926
vn 0.3978 0.3909 -0.8300
vn 0.4577 0.1764 -0.8714
vn 0.4537 -0.0565 -0.8894
vn 0.3937 -0.2976 -0.8697
vn 0.2515 -0.4874 -0.8361
vn -0.0000 -0.5537 -0.8327
vn 0.0454 0.6870 -0.7252
vn 0.1705 0.6918 -0.7017
vn 0.3372 0.6433 -0.6873
vn 0.4836 0.5265 -0.6993
vn 0.5552 0.3048 -0.7739
vn 0.5552 0.0355 -0.8310
vn 0.3944 -0.2866 -0.8731
vn 0.2893 -0.6227 -0.7270
vn 0.5523 -0.1672 -0.8167
vn 0.6998 -0.2093 -0.6830
vn 0.3224 -0.5763 -0.7509
vn 0.8905 -0.3677 0.2679
vn 0.7590 -0.5855 0.2849
vn 0.1040 -0.7104 -0.6961
vn 0.2919 -0.8375 -0.4619
vn 0.1879 -0.6620 -0.7255
vn -0.0000 -0.7088 -0.7054
vn 0.1697 -0.8378 -0.5189
vn -0.0000 -0.8574 -0.5147
vn 0.1708 -0.9305 -0.3241
vn -0.0000 -0.9502 -0.3115
vn 0.3369 -0.9104 -0.2400
vn -0.1011 -0.8530 -0.5120
vn -0.1078 -0.9560 -0.2727
vn 0.2031 -0.9757 -0.0822
vn -0.0000 -0.9957 -0.0928
vn 0.4052 -0.9137 -0.0316
vn 0.2352 -0.9692 0.0734
vn -0.0000 -0.9971 0.0760
vn -0.2236 -0.9735 0.0480
vn -0.3733 -0.6779 0.6333
vn -0.5865 -0.6604 0.4690
vn -0.9078 -0.2754 0.3164
vn -0.9419 -0.2929 0.1643
vn -0.2089 -0.9621 0.1753
vn -0.9367 -0.3469 0.0479
vn -0.8799 -0.4341 -0.1930
vn 0.3178 -0.4713 -0.8228
vn 0.6199 -0.2963 -0.7266
vn 0.5713 -0.2426 -0.7841
vn 0.1718 -0.2745 -0.9461
vn 0.9571 -0.1847 -0.2234
vn 0.8457 -0.2252 -0.4838
vn 0.4840 -0.4067 -0.7748
vn -0.2569 -0.3434 -0.9034
vn -0.0579 -0.7227 0.6888
vn -0.4087 -0.1177 0.9050
vn 0.2023 -0.1083 0.9733
vn 0.2194 -0.7302 0.6470
vn 0.7492 0.0252 0.6618
vn -0.8038 -0.0557 0.5923
vn -0.6373 -0.4302 -0.6393
vn -0.6213 -0.4904 -0.6112
vn -0.8424 -0.4848 -0.2354
vn -0.9449 -0.3011 0.1282
vn -0.9657 -0.1323 0.2234
vn -0.8997 0.2965 0.3204
vn 0.1930 0.8840 0.4258
vn -0.1229 0.8444 0.5214
vn 0.9575 -0.1233 0.2608
vn 0.9977 0.0656 -0.0162
vn 0.9873 -0.1588 -0.0018
vn 0.9657 -0.2546 0.0506
vn 0.8606 -0.5086 0.0278
vn 0.9468 -0.3217 0.0052
vn 0.9334 -0.2999 -0.1972
vn 0.8347 -0.2665 -0.4820
vn 0.8995 -0.3912 -0.1947
vn 0.9424 -0.2771 -0.1872
vn 0.8427 -0.2388 -0.4826
vn 0.9525 -0.1856 -0.2415
vn 0.9975 0.0547 -0.0454
vn -0.2401 -0.4050 -0.8822
vn 0.1490 -0.3716 -0.9164
vn 0.1572 -0.7436 -0.6499
vn -0.2508 -0.7982 -0.5476
vn 0.5578 -0.3257 -0.7634
vn 0.5000 -0.5984 -0.6260
vn 0.8036 -0.2863 -0.5217
vn 0.7310 -0.4769 -0.4881
vn 0.8478 -0.4212 -0.3222
vn -0.9099 -0.4148 0.0055
vn -0.5542 -0.8012 -0.2257
vn 0.4752 -0.8770 0.0717
vn 0.9284 -0.3230 -0.1839
vn 0.9553 0.2943 0.0289
vn -0.0000 0.8188 -0.5741
vn -0.0000 0.7045 -0.7097
vn -0.9740 -0.1146 0.1955
vn -0.7175 -0.6932 0.0679
vn -0.7379 -0.6725 0.0568
vn -0.6979 -0.7148 0.0455
vn -0.6631 -0.7485 -0.0061
vn -0.3217 -0.9467 0.0125
vn -0.3585 -0.9330 -0.0315
vn -0.3267 -0.9446 -0.0308
vn -0.3052 -0.9516 -0.0351
vn -0.2866 -0.9502 -0.1227
vn -0.0873 -0.9642 -0.2504
vn 0.1285 -0.9388 -0.3197
vn -0.0538 -0.9949 -0.0858
vn -0.1003 -0.9915 -0.0827
vn -0.1358 -0.9876 -0.0794
vn -0.1219 -0.9913 0.0491
vn -0.4198 0.7654 0.4877
vn -0.6573 0.6046 0.4500
vn 0.4051 -0.8129 -0.4184
vn 0.9651 -0.2399 -0.1046
vn 0.6288 -0.7698 -0.1094
vn 0.6231 -0.7606 -0.1820
vn 0.6217 -0.7357 -0.2686
vn 0.5633 -0.7364 -0.3748
vn 0.2788 -0.9603 -0.0047
vn 0.2842 -0.9528 -0.1065
vn 0.0645 -0.9922 -0.1064
vn 0.0709 -0.9965 0.0444
vn 0.0573 -0.9917 -0.1154
vn 0.0861 -0.9859 -0.1437
vn 0.2722 -0.9526 -0.1357
vn 0.2965 -0.9342 -0.1984
vn 0.0757 0.3039 0.9497
vn 0.5273 0.3023 0.7941
vn 0.8726 0.1145 0.4747
vn 0.9948 -0.0882 0.0508
vn 0.8748 -0.3073 -0.3746
vn 0.4653 -0.4868 -0.7393
vn -0.0368 -0.5158 -0.8559
vn -0.5117 -0.4223 -0.7482
vn -0.8014 -0.3091 -0.5121
vn -0.9738 -0.1388 -0.1802
vn -0.9514 0.0964 0.2925
vn -0.7290 0.1570 0.6662
vn -0.3530 0.2323 0.9063
vn 0.9983 -0.0486 0.0313
vn 0.8618 -0.3133 -0.3989
vn 0.4873 -0.5069 -0.7110
vn -0.0163 -0.5550 -0.8317
vn -0.4587 -0.4839 -0.7453
vn -0.7800 -0.3555 -0.5149
vn -0.9696 -0.1645 -0.1809
vn -0.9890 0.1042 0.1055
vn -0.8795 -0.3925 -0.2692
vn -0.6617 -0.7061 -0.2519
vn -0.7224 -0.4709 -0.5064
vn 0.0149 -0.6814 -0.7317
vn -0.4013 -0.6209 -0.6734
vn -0.5466 -0.7265 -0.4165
vn 0.5281 -0.5733 -0.6265
vn 0.8560 -0.3425 -0.3872
vn 0.9860 -0.1409 -0.0891
vn 0.8896 -0.3846 -0.2465
vn 0.6687 -0.6776 -0.3061
vn 0.0007 -0.9089 -0.4169
vn -0.2939 -0.8516 -0.4340
vn 0.3408 -0.8354 -0.4313
vn 0.2825 -0.9570 -0.0662
vn 0.0262 -0.9970 -0.0727
vn -0.1905 -0.9759 -0.1061
vn -0.3947 -0.9041 -0.1639
vn -0.8616 -0.1934 0.4693
vn -0.8988 0.3560 0.2557
vn -0.6881 0.3795 0.6185
vn -0.5875 0.0942 0.8037
vn -0.4910 -0.3987 0.7746
vn -0.4399 0.0131 0.8980
vn -0.3487 -0.0025 0.9372
vn -0.1853 -0.3684 0.9110
vn -0.3295 0.0338 0.9435
vn -0.0184 -0.1423 0.9897
vn -0.2712 0.1012 0.9572
vn -0.1595 0.2931 0.9427
vn 0.1297 0.2696 0.9542
vn -0.1829 0.5253 0.8310
vn 0.0531 0.6372 0.7689
vn -0.3859 0.6611 0.6435
vn -0.2416 0.8659 0.4381
vn -0.6251 0.7392 0.2508
vn -0.6680 0.5706 0.4777
vn -0.7521 0.5138 0.4128
vn -0.6686 0.5565 0.4932
vn -0.3910 0.0924 0.9157
vn -0.2965 0.3059 0.9047
vn -0.3005 0.3256 0.8965
vn -0.3732 0.3319 0.8664
vn -0.4783 0.3171 0.8190
vn -0.5575 0.2594 0.7886
vn -0.5054 0.2342 0.8305
vn -0.4161 0.2901 0.8618
vn -0.3837 0.3277 0.8634
vn -0.4883 0.3598 0.7950
vn -0.7130 0.3840 0.5867
vn -0.7251 0.5106 0.4622
vn -0.5203 0.6890 0.5044
vn -0.3856 0.5494 0.7413
vn -0.1729 0.6985 0.6944
vn -0.2735 0.8430 0.4632
vn -0.7210 0.4247 0.5475
vn -0.6175 0.6269 0.4752
vn -0.7721 0.2745 0.5731
vn -0.1172 0.4285 0.8959
vn -0.3448 0.7900 0.5070
vn -0.3729 0.5288 0.7624
vn -0.6794 0.3375 0.6515
vn -0.7355 0.2079 0.6449
vn -0.5927 0.1524 0.7909
vn -0.3239 -0.0110 0.9460
vn -0.6035 -0.0772 0.7936
vn -0.2483 -0.2317 0.9406
vn -0.4403 -0.0916 0.8932
vn -0.0869 -0.2500 0.9643
vn -0.2902 -0.1231 0.9490
vn -0.5913 -0.0375 0.8056
vn -0.7737 0.0299 0.6329
vn -0.7034 0.1122 0.7019
vn 0.0540 -0.5414 0.8390
vn -0.2500 -0.5214 0.8158
vn -0.5165 -0.4806 0.7087
vn -0.5081 0.1271 0.8519
vn -0.4835 0.1273 0.8660
vn -0.6152 0.1347 0.7768
vn -0.6784 -0.3544 0.6435
vn -0.6264 -0.1840 0.7575
vn -0.4988 -0.0751 0.8635
vn -0.0400 -0.4688 0.8824
vn -0.3299 -0.5856 0.7404
vn -0.4633 -0.6324 0.6208
vn -0.2451 -0.5550 0.7949
vn -0.4102 -0.5587 0.7208
vn -0.4881 -0.5262 0.6963
vn -0.4950 -0.5266 0.6911
vn -0.3918 -0.4603 0.7966
vn -0.4612 -0.3381 0.8204
vn -0.4523 -0.2347 0.8604
vn -0.3290 -0.3688 0.8694
vn -0.3963 -0.3789 0.8363
vn -0.1741 -0.6784 0.7138
vn -0.3130 -0.5545 0.7710
vn -0.5196 -0.0678 0.8517
vn -0.5259 -0.2500 0.8130
vn -0.4856 -0.4235 0.7648
vn -0.1088 0.3942 0.9126
vn 0.4526 0.7070 0.5434
vn -0.1021 0.3260 0.9398
vn -0.2711 0.7664 0.5824
vn 0.1454 0.9606 0.2368
vn 0.0112 0.2061 0.9785
vn 0.3204 0.6399 0.6985
vn 0.1683 0.7669 0.6193
vn -0.1670 0.2191 0.9613
vn -0.1900 0.8120 0.5519
vn -0.6091 0.6484 0.4568
vn -0.8127 0.3894 0.4335
vn -0.8822 0.2891 0.3717
vn -0.2457 0.1854 0.9515
vn -0.9429 0.2418 0.2290
vn -0.2721 0.2999 0.9143
vn -0.5866 0.5914 0.5534
vn -0.0999 0.1561 0.9827
vn -0.3278 0.5849 0.7419
vn -0.1137 -0.5411 0.8333
vn -0.2285 -0.4480 0.8644
vn -0.1211 -0.5988 0.7917
vn -0.2660 -0.5093 0.8185
vn -0.3398 -0.6382 0.6908
vn -0.1659 -0.7493 0.6412
vn -0.6681 -0.0859 0.7391
vn -0.6578 -0.2904 0.6950
vn -0.6052 -0.4699 0.6426
vn -0.3628 -0.8212 0.4404
vn -0.1760 -0.8788 0.4435
vn -0.1757 0.5519 0.8152
vn -0.3142 0.5706 0.7587
vn -0.4527 0.5379 0.7112
vn -0.7088 0.3182 0.6295
vn -0.7121 0.2544 0.6544
vn -0.8019 0.1112 0.5870
vn -0.8355 -0.0933 0.5416
vn -0.8123 -0.2912 0.5054
vn -0.7572 -0.4438 0.4793
vn -0.5106 -0.6161 0.5998
vn -0.8708 0.2484 0.4242
vn -0.9185 0.1052 0.3812
vn -0.9375 -0.0915 0.3357
vn -0.9102 -0.2835 0.3020
vn -0.8543 -0.4443 0.2698
vn -0.8263 0.3554 0.4369
vn -0.5811 0.4750 0.6608
vn -0.6780 0.4142 0.6072
vn -0.7556 0.4804 0.4454
vn -0.6079 0.6246 0.4902
vn -0.4414 0.7171 0.5394
vn -0.2945 0.7608 0.5783
vn -0.1604 0.7696 0.6181
vn -0.1595 0.8874 0.4325
vn -0.2679 0.8765 0.3999
vn -0.4027 0.8285 0.3892
vn -0.6358 0.6897 0.3466
vn -0.8022 0.5200 0.2934
vn -0.8896 0.3798 0.2536
vn -0.9472 0.2377 0.2154
vn -0.9822 0.0804 0.1695
vn -0.9872 -0.0841 0.1356
vn -0.9613 -0.2632 0.0819
vn -0.8802 -0.4743 0.0152
vn -0.7317 -0.6301 0.2602
vn -0.6728 -0.6009 0.4315
vn -0.7225 -0.6835 0.1041
vn -0.1657 -0.8962 0.4115
vn -0.1591 -0.9557 0.2474
vn -0.2097 -0.5147 0.8313
vn -0.3076 0.9076 0.2856
vn -0.1317 0.9648 0.2277
vn -0.4767 0.8397 0.2601
vn -0.6491 0.7125 0.2666
vn -0.8577 0.4682 0.2125
vn -0.9352 0.2918 0.2008
vn -0.7775 0.2547 -0.5751
vn -0.8103 0.2199 -0.5433
vn -0.9475 0.1796 -0.2647
vn -0.7613 0.3661 -0.5352
vn -0.1488 0.9454 -0.2899
vn -0.5963 0.7152 -0.3646
vn 0.6542 0.7368 -0.1709
vn 0.3140 0.9188 -0.2391
vn 0.5415 0.8303 -0.1317
vn 0.2736 0.9563 -0.1035
vn -0.3929 0.2926 -0.8718
vn -0.4885 0.3189 -0.8122
vn -0.2331 0.4178 -0.8781
vn -0.4435 0.8417 0.3078
vn -0.6549 0.7093 0.2610
vn -0.8296 0.5245 0.1915
vn -0.2659 0.9129 0.3097
vn -0.1600 0.9464 0.2806
vn -0.0839 0.9847 0.1525
vn -0.0445 0.9990 -0.0106
vn -0.0474 0.9769 -0.2083
vn -0.9238 0.3719 0.0912
vn -0.9741 0.2261 -0.0020
vn -0.9956 0.0652 -0.0677
vn -0.9857 -0.1183 -0.1196
vn -0.9554 0.2873 -0.0691
vn -0.9559 0.1951 -0.2195
vn -0.9524 0.0616 -0.2985
vn -0.9150 0.2274 -0.3332
vn -0.8812 0.1656 -0.4427
vn -0.3406 -0.8845 0.3189
vn -0.5020 -0.8416 0.1991
vn -0.6267 -0.6082 0.4871
vn -0.4252 -0.5776 0.6968
vn -0.6859 -0.7268 0.0359
vn -0.8057 -0.5398 0.2438
vn -0.8067 -0.5707 -0.1533
vn -0.9278 -0.3718 0.0319
vn -0.8347 -0.4307 -0.3432
vn -0.9721 -0.1723 -0.1589
vn -0.7997 -0.2967 -0.5220
vn -0.9363 0.0311 -0.3497
vn -0.7237 -0.1834 -0.6654
vn -0.8373 0.1579 -0.5235
vn -0.5236 -0.8308 0.1888
vn -0.9226 -0.3179 -0.2184
vn -0.8817 -0.1990 -0.4277
vn -0.9399 -0.0756 -0.3329
vn -0.7870 -0.0913 -0.6101
vn -0.6071 -0.0678 -0.7917
vn -0.6834 0.2345 -0.6914
vn -0.2260 0.3802 -0.8968
vn -0.2319 0.0838 -0.9691
vn -0.6379 -0.0014 -0.7701
vn -0.2276 0.0908 -0.9695
vn -0.8574 0.0373 -0.5133
vn -0.6986 0.1071 -0.7075
vn -0.5127 0.4040 -0.7576
vn -0.7698 0.2532 -0.5859
vn -0.7624 0.2754 -0.5856
vn -0.7449 0.2087 -0.6337
vn -0.5757 0.2938 -0.7630
vn -0.5177 0.4254 -0.7424
vn -0.4784 0.1807 -0.8594
vn -0.4441 0.0674 -0.8935
vn -0.4414 0.0309 -0.8968
vn -0.4717 0.2883 -0.8333
vn -0.2420 0.2132 -0.9465
vn -0.2206 0.3971 -0.8909
vn -0.1607 0.6086 -0.7770
vn -0.3966 0.3574 -0.8455
vn -0.0839 0.7899 -0.6075
vn -0.0618 0.9182 -0.3912
vn -0.3124 0.5482 -0.7758
vn -0.2155 0.6044 -0.7670
vn 0.1805 0.8766 -0.4460
vn -0.0490 0.5129 -0.8571
vn 0.2310 0.5976 -0.7678
vn 0.0317 0.4162 -0.9087
vn 0.2075 0.7643 -0.6105
vn -0.1020 0.6666 -0.7384
vn 0.4578 0.6010 -0.6552
vn 0.4382 0.6562 -0.6143
vn 0.1073 0.7545 -0.6475
vn -0.7883 -0.3464 0.5085
vn -0.8608 0.2485 0.4441
vn -0.4066 -0.6162 0.6745
vn -0.0223 -0.5319 0.8465
vn 0.2569 -0.2599 0.9308
vn 0.3455 0.1844 0.9201
vn 0.2098 0.6059 0.7674
vn -0.0795 0.7830 0.6169
vn -0.5631 0.7214 0.4031
vn -0.1241 0.0451 0.9912
vn -0.5501 -0.7280 0.4091
vn -0.3390 -0.9145 0.2210
vn 0.3425 -0.0220 0.9392
vn 0.0167 -0.0951 0.9953
vn -0.0148 -0.6811 0.7321
vn 0.2374 -0.6828 0.6910
vn -0.2268 -0.6891 0.6883
vn -0.2518 -0.0370 0.9671
vn -0.5156 -0.0684 0.8541
vn -0.3465 -0.6682 0.6584
vn -0.8365 -0.0553 0.5452
vn -0.6987 -0.6467 0.3059
vn 0.3624 -0.6909 0.6256
vn 0.5175 -0.0329 0.8550
vn 0.6945 -0.6052 0.3891
vn 0.8123 -0.0416 0.5818
vn 0.9631 -0.2083 0.1706
vn 0.6594 -0.7516 0.0196
vn 0.9365 -0.3466 -0.0526
vn -0.9635 -0.1018 0.2477
vn -0.7822 -0.6095 0.1294
vn -0.1574 -0.9702 0.1841
vn -0.0498 -0.9685 0.2439
vn -0.2840 -0.9280 0.2413
vn 0.0936 -0.9728 0.2118
vn 0.2075 -0.9699 0.1277
vn 0.7532 0.4264 0.5009
vn 0.5071 0.5069 0.6971
vn 0.3260 0.5229 0.7876
vn 0.0469 0.5107 0.8585
vn -0.1903 0.5050 0.8419
vn 0.9475 0.1985 0.2505
vn -0.4330 0.5294 0.7296
vn -0.7222 0.4611 0.5156
vn -0.8873 0.3271 0.3250
vn -0.3265 0.7274 0.6036
vn -0.6005 0.6404 0.4788
vn -0.7779 0.4859 0.3984
vn -0.1554 0.7264 0.6694
vn 0.0365 0.7369 0.6750
vn 0.2876 0.7146 0.6376
vn 0.4723 0.6591 0.5852
vn 0.6708 0.5834 0.4579
vn -0.9699 0.1325 0.2043
vn -0.8799 0.3256 0.3461
vn -0.9663 -0.2304 0.1149
vn -0.6264 -0.7779 0.0498
vn -0.9720 0.1302 0.1958
vn -0.9965 -0.0433 0.0714
vn -0.9425 -0.3341 -0.0001
vn -0.6994 -0.7137 -0.0388
vn -0.0508 0.6340 0.7717
vn 0.3107 0.5351 0.7856
vn 0.6358 0.4575 0.6216
vn -0.6501 0.5147 0.5590
vn -0.8059 0.3270 0.4936
vn -0.9399 0.1405 0.3112
vn 0.8677 0.4001 0.2949
vn 0.8633 0.3154 0.3941
vn 0.9970 0.0102 0.0763
vn 0.9624 0.1803 0.2033
vn 0.2597 -0.9631 -0.0705
vn 0.6550 -0.7452 -0.1249
vn 0.0920 -0.9957 0.0047
vn -0.0253 -0.9990 0.0378
vn -0.1980 -0.9801 0.0139
vn -0.3656 0.5892 0.7205
vn -0.5769 0.5684 0.5866
vn -0.8953 0.2578 0.3632
vn -0.9110 0.3780 0.1650
vn -0.6956 0.6285 0.3479
vn -0.8322 0.1296 0.5391
vn -0.4127 0.4535 0.7900
vn -0.2799 0.2088 0.9370
vn -0.7260 -0.0837 0.6826
vn -0.1686 -0.0622 0.9837
vn -0.5591 -0.3322 0.7597
vn -0.7979 0.5935 0.1050
vn -0.7368 0.6672 0.1095
vn -0.7257 0.6763 -0.1260
vn -0.7349 0.6661 -0.1274
vn -0.8764 0.4815 0.0113
vn -0.9304 0.3579 -0.0789
vn -0.8187 0.5618 -0.1187
vn -0.7837 0.6159 -0.0808
vn -0.9247 0.3331 -0.1844
vn -0.8328 0.5080 -0.2199
vn -0.9622 0.1436 -0.2312
vn -0.7512 0.5411 0.3781
vn -0.7325 0.3888 0.5588
vn -0.6855 0.1321 0.7160
vn -0.5724 -0.1431 0.8074
vn -0.0622 -0.3262 0.9433
vn -0.3803 -0.5415 0.7498
vn -0.4271 -0.4028 0.8096
vn -0.7676 0.6076 0.2041
vn -0.7735 0.6337 0.0122
vn -0.9150 -0.2370 -0.3264
vn -0.9586 -0.0787 -0.2736
vn -0.8418 -0.1589 -0.5158
vn -0.9069 0.0007 -0.4213
vn -0.2647 -0.6070 0.7493
vn 0.0569 -0.5378 0.8412
vn -0.2384 -0.6974 0.6759
vn -0.8805 -0.3317 -0.3385
vn -0.7604 -0.2627 -0.5940
vn -0.8513 -0.4758 -0.2212
vn -0.6767 -0.3649 -0.6395
vn -0.7373 -0.6742 -0.0426
vn -0.5496 -0.5273 -0.6480
vn -0.7756 0.6130 -0.1504
vn -0.9011 0.2873 0.3249
vn -0.8872 0.0691 0.4562
vn -0.8106 -0.1701 0.5604
vn -0.6974 -0.4203 0.5805
vn -0.5591 -0.6411 0.5258
vn -0.8804 0.4248 0.2107
vn -0.8560 0.5132 0.0634
vn -0.8492 0.5239 -0.0671
vn -0.3616 -0.7013 -0.6143
vn -0.6556 -0.7509 -0.0800
vn -0.5507 -0.8297 0.0908
vn -0.1176 -0.8850 -0.4504
vn -0.3313 -0.9113 0.2446
vn 0.1779 -0.9571 -0.2288
vn 0.4283 -0.9028 0.0396
vn -0.2104 -0.8995 0.3830
vn -0.2024 -0.8487 0.4886
vn 0.5240 -0.7676 0.3690
vn -0.2190 -0.8125 0.5403
vn 0.3774 -0.7045 0.6010
vn -0.2226 -0.7318 0.6441
vn 0.3784 -0.5256 0.7620
vn -0.2778 -0.5849 0.7621
vn 0.0338 -0.3754 0.9263
vn -0.2050 -0.3028 0.9307
vn -0.3856 -0.4290 0.8168
vn -0.4853 -0.2730 0.8306
vn -0.3427 -0.1727 0.9234
vn -0.5466 -0.1723 0.8195
vn -0.4370 -0.0536 0.8978
vn -0.6003 -0.0887 0.7948
vn -0.5417 0.0475 0.8393
vn -0.7645 -0.0699 0.6409
vn -0.6601 0.1954 0.7253
vn -0.8869 0.1478 0.4377
vn -0.7517 0.3615 0.5516
vn -0.9174 0.3384 0.2094
vn -0.8434 0.4260 0.3273
vn -0.8818 0.4684 -0.0549
vn -0.7873 0.5594 -0.2592
vn -0.6368 0.6247 -0.4519
vn -0.4324 0.6753 -0.5975
vn -0.2122 0.7164 -0.6647
vn -0.8807 0.4688 0.0677
vn -0.9109 0.3986 0.1066
vn -0.8938 0.4220 -0.1516
vn -0.9286 0.3616 -0.0835
vn -0.9006 0.3353 -0.2765
vn -0.9249 0.2938 -0.2413
vn -0.9230 0.1593 -0.3502
vn -0.8314 0.4684 -0.2990
vn -0.8400 0.4995 -0.2119
vn -0.9356 0.3118 0.1658
vn -0.8635 0.3247 0.3860
vn -0.9593 0.2806 -0.0320
vn -0.9517 0.2168 -0.2172
vn -0.9588 0.1031 -0.2647
vn -0.8182 0.2006 0.5388
vn -0.9442 0.2056 0.2573
vn -0.9837 0.1794 -0.0091
vn -0.9391 -0.0374 -0.3417
vn -0.7290 0.0895 0.6786
vn -0.9360 0.1136 0.3332
vn -0.9977 0.0671 -0.0053
vn -0.8888 -0.1574 -0.4303
vn -0.9990 -0.0411 -0.0165
vn -0.9305 0.0282 0.3653
vn -0.7547 0.0233 0.6557
vn -0.5161 0.0060 0.8565
vn -0.3830 -0.0601 0.9218
vn -0.2194 -0.1116 0.9692
vn -0.6827 -0.0472 0.7291
vn -0.6019 -0.0781 0.7947
vn -0.9088 -0.0558 0.4134
vn -0.8788 -0.1064 0.4651
vn -0.9924 -0.1225 -0.0138
vn -0.9837 -0.1739 0.0448
vn -0.8182 -0.2567 -0.5144
vn -0.5725 -0.3744 -0.7294
vn -0.6535 0.6842 -0.3238
vn -0.6944 0.6434 -0.3224
vn -0.7530 0.5613 -0.3435
vn -0.6781 -0.7077 0.1985
vn -0.2259 -0.8119 0.5383
vn -0.6509 -0.7407 0.1662
vn 0.1710 -0.6433 0.7463
vn -0.0854 -0.0558 0.9948
vn -0.5498 -0.0376 0.8345
vn 0.4372 0.0004 0.8993
vn -0.0735 0.0655 0.9951
vn -0.8646 -0.0948 0.4934
vn -0.8686 -0.0343 0.4943
vn -0.5331 0.0490 0.8446
vn -0.9794 -0.1871 0.0763
vn -0.1477 -0.4658 -0.8725
vn 0.3040 -0.5300 -0.7917
vn 0.5878 -0.5258 -0.6149
vn -0.9857 -0.1535 0.0688
vn 0.8347 -0.3870 -0.3918
vn 0.9757 -0.2125 -0.0531
vn 0.9498 -0.1268 0.2860
vn 0.7986 -0.0682 0.5979
vn 0.4027 0.0906 0.9109
vn 0.7788 0.0237 0.6268
vn -0.0764 0.1375 0.9876
vn -0.5195 0.1306 0.8444
vn -0.8738 0.0295 0.4854
vn -0.9912 -0.1213 0.0539
vn -0.8930 -0.2784 -0.3536
vn -0.8846 -0.3061 -0.3518
vn -0.8781 -0.3107 -0.3639
vn -0.8735 -0.3087 -0.3763
vn -0.5484 -0.4069 -0.7305
vn -0.5044 -0.4571 -0.7326
vn -0.4787 -0.4764 -0.7375
vn 0.0499 -0.4908 -0.8699
vn 0.5091 -0.4307 -0.7452
vn 0.0588 -0.5103 -0.8580
vn 0.8314 -0.2826 -0.4785
vn 0.9824 -0.1475 -0.1146
vn 0.9590 -0.0421 0.2804
vn -0.6875 -0.2803 0.6699
vn -0.2193 -0.2347 0.9470
vn -0.5045 -0.2715 0.8196
vn -0.4352 -0.2570 0.8629
vn -0.2333 -0.2786 0.9316
vn -0.3579 -0.3882 0.8493
vn -0.1937 -0.4006 0.8955
vn -0.2073 -0.5647 0.7988
vn -0.1588 -0.7211 0.6744
vn -0.1376 -0.8214 0.5534
vn -0.1441 -0.8614 0.4871
vn -0.1877 -0.8868 0.4224
vn -0.2648 -0.9000 0.3462
vn -0.4726 -0.8487 0.2374
vn -0.5494 -0.8189 0.1661
vn -0.2455 -0.9291 0.2766
vn -0.2724 -0.9377 0.2155
vn -0.2078 -0.8872 0.4120
vn -0.0971 -0.9371 0.3352
vn -0.5255 -0.8379 0.1478
vn -0.2660 -0.9475 0.1775
vn -0.2532 -0.9586 0.1304
vn -0.5058 -0.8557 0.1093
vn 0.1278 -0.9551 0.2674
vn -0.8446 0.5023 -0.1857
vn -0.8245 0.4186 -0.3807
vn 0.1739 0.0473 0.9836
vn 0.0390 -0.0423 0.9983
vn -0.0030 -0.4664 0.8846
vn 0.0803 -0.5011 0.8616
vn -0.3472 -0.5025 0.7918
vn -0.3619 -0.0557 0.9305
vn -0.4280 -0.0719 0.9009
vn -0.4135 -0.4447 0.7945
vn -0.5885 -0.0268 0.8081
vn -0.5219 -0.5849 0.6209
vn 0.2741 -0.6042 0.7482
vn 0.3148 0.0111 0.9491
vn 0.6714 -0.5887 0.4501
vn 0.7578 -0.0548 0.6502
vn 0.9359 -0.2112 0.2819
vn 0.6135 -0.7831 0.1019
vn 0.5584 -0.8292 0.0259
vn 0.9288 -0.3256 0.1769
vn -0.9309 -0.0212 0.3646
vn -0.7455 -0.6280 0.2235
vn -0.2524 -0.9047 0.3432
vn -0.0646 -0.9177 0.3920
vn -0.3107 -0.8630 0.3984
vn 0.0054 -0.9386 0.3449
vn 0.1745 -0.9685 0.1775
vn 0.7257 0.4117 0.5513
vn 0.3501 0.4858 0.8009
vn 0.2017 0.4179 0.8858
vn 0.0465 0.3785 0.9244
vn -0.3016 0.3512 0.8864
vn 0.9006 0.2833 0.3296
vn -0.3682 0.3561 0.8588
vn -0.5423 0.3803 0.7492
vn -0.8362 0.3825 0.3930
vn -0.2653 0.7046 0.6581
vn -0.4395 0.7136 0.5455
vn -0.6607 0.6779 0.3224
vn -0.2262 0.6999 0.6775
vn 0.0176 0.7332 0.6798
vn 0.1725 0.7375 0.6529
vn 0.3193 0.7599 0.5663
vn 0.5943 0.6992 0.3974
vn -0.9343 0.3382 0.1127
vn -0.7318 0.6669 0.1402
vn -0.9900 -0.1268 0.0611
vn -0.6659 -0.7452 0.0369
vn -0.8208 0.5673 0.0666
vn -0.9553 0.2957 0.0082
vn -0.9770 -0.2119 -0.0230
vn -0.6639 -0.7472 -0.0313
vn -0.0393 0.8932 0.4480
vn 0.1113 0.9075 0.4050
vn 0.2668 0.8992 0.3467
vn 0.4715 0.8240 0.3141
vn -0.3887 0.8770 0.2825
vn -0.5345 0.8230 0.1921
vn -0.6947 0.7010 0.1611
vn 0.7807 0.5507 0.2953
vn 0.6583 0.6925 0.2951
vn 0.9391 0.2280 0.2570
vn 0.8247 0.4825 0.2950
vn 0.1935 -0.9811 -0.0062
vn 0.0209 -0.9988 0.0446
vn -0.0577 -0.9951 0.0799
vn -0.2342 -0.9703 0.0613
vn -0.2014 0.8786 0.4331
vn -0.7345 0.6024 -0.3125
vn -0.1998 0.8145 -0.5446
vn -0.3888 0.7812 -0.4885
vn -0.5758 0.7058 -0.4127
vn -0.1889 0.8677 -0.4598
vn -0.3867 0.8114 -0.4382
vn -0.5706 0.7145 -0.4048
vn -0.7212 0.5959 -0.3532
vn -0.7172 0.6455 -0.2624
vn -0.5714 0.7635 -0.3009
vn -0.4015 0.8564 -0.3246
vn -0.2144 0.9177 -0.3345
vn -0.2148 0.9285 -0.3028
vn -0.4023 0.8717 -0.2797
vn -0.5626 0.7927 -0.2349
vn -0.7028 0.6886 -0.1788
vn -0.2044 0.9199 -0.3347
vn -0.3839 0.8731 -0.3006
vn -0.5386 0.8071 -0.2420
vn -0.6710 0.7223 -0.1673
vn -0.1921 0.8990 -0.3936
vn -0.3627 0.8606 -0.3574
vn -0.5023 0.8089 -0.3056
vn -0.6304 0.7398 -0.2352
vn -0.3059 0.8396 -0.4489
vn -0.4381 0.8006 -0.4088
vn -0.5640 0.7426 -0.3612
vn -0.2686 0.9629 -0.0251
vn -0.2931 0.3501 0.8897
vn -0.6078 0.7783 -0.1574
vn -0.5717 0.3246 0.7535
vn -0.8177 0.2194 0.5322
vn -0.8338 0.4618 -0.3024
vn -0.9590 -0.0755 0.2732
vn -0.8936 0.0505 -0.4459
vn -0.8982 -0.4375 0.0427
vn -0.7877 -0.2740 -0.5517
vn -0.7047 -0.7001 -0.1147
vn -0.6121 -0.5188 -0.5968
vn -0.4168 -0.8854 -0.2057
vn -0.3427 -0.6950 -0.6320
vn -0.9546 -0.1681 0.2460
vn -0.8484 0.0343 0.5282
vn -0.8767 -0.4807 0.0177
vn -0.6841 -0.7186 -0.1251
vn -0.4115 -0.8881 -0.2050
vn -0.6194 0.0158 0.7849
vn -0.3367 -0.0559 0.9400
vn -0.2314 -0.4093 0.8826
vn -0.5303 -0.2543 0.8088
vn -0.7506 -0.1084 0.6518
vn -0.9132 -0.0790 0.3998
vn -0.9653 -0.2393 0.1043
vn -0.8699 -0.4728 -0.1407
vn -0.6732 -0.6679 -0.3173
vn -0.3850 -0.8267 -0.4104
vn -0.3300 -0.7036 -0.6293
vn -0.6461 -0.5732 -0.5040
vn -0.8552 -0.4145 -0.3110
vn -0.9680 -0.2421 -0.0656
vn -0.9475 -0.1949 -0.2533
vn -0.8299 -0.3215 -0.4560
vn -0.6208 -0.4420 -0.6475
vn -0.3163 -0.5396 -0.7803
vn -0.9738 -0.0835 0.2116
vn -0.9983 -0.0505 0.0280
vn -0.9081 -0.0658 0.4136
vn -0.3107 -0.6424 0.7006
vn -0.6777 -0.3082 0.6676
vn -0.9968 0.0271 0.0747
vn -0.2906 -0.3232 -0.9006
vn -0.2813 -0.0375 -0.9589
vn -0.2314 0.2179 -0.9481
vn -0.1889 0.4094 -0.8926
vn -0.5843 -0.2804 -0.7616
vn -0.8023 -0.2110 -0.5584
vn -0.5559 -0.0568 -0.8293
vn -0.8022 -0.0677 -0.5932
vn -0.5211 0.1696 -0.8365
vn -0.7880 0.1282 -0.6022
vn -0.4711 0.3811 -0.7955
vn -0.7615 0.3310 -0.5573
vn -0.9552 -0.0551 -0.2906
vn -0.9569 0.0937 -0.2748
vn -0.9383 0.2474 -0.2417
vn -0.9903 0.1237 0.0637
vn -0.9250 -0.0641 0.3744
vn -0.1837 0.5850 -0.7899
vn -0.4453 0.5670 -0.6929
vn -0.7231 0.5061 -0.4701
vn -0.8963 0.3953 -0.2008
vn -0.9661 0.2540 0.0473
vn -0.9526 0.0371 0.3021
vn -0.8233 -0.2132 0.5261
vn -0.2091 0.7498 -0.6278
vn -0.4641 0.7184 -0.5183
vn -0.6867 0.6392 -0.3462
vn -0.8389 0.5204 -0.1597
vn -0.2325 0.8781 -0.4182
vn -0.4771 0.8214 -0.3124
vn -0.7354 0.6590 -0.1575
vn -0.9141 0.4032 0.0435
vn -0.9361 0.2292 0.2667
vn -0.8311 0.5531 0.0571
vn -0.8641 0.4204 0.2766
vn -0.2668 0.9503 -0.1605
vn -0.4795 0.8703 -0.1126
vn -0.2871 0.9544 0.0815
vn -0.5028 0.8599 0.0882
vn -0.5221 0.7925 0.3153
vn -0.2979 0.8922 0.3395
vn -0.6385 0.7596 -0.1241
vn -0.6911 0.7182 0.0816
vn -0.7246 0.6244 0.2918
vn -0.3053 0.7554 0.5798
vn -0.5441 0.6530 0.5268
vn -0.7227 0.4877 0.4897
vn -0.8452 0.2675 0.4627
vn -0.8818 -0.0049 0.4716
vn -0.4434 -0.1733 0.8794
vn -0.4014 0.2923 0.8680
vn -0.4684 -0.6526 0.5956
vn -0.6671 -0.0508 0.7432
vn -0.3547 0.5400 0.7633
vn -0.6298 0.4109 0.6592
vn -0.7814 0.0483 0.6221
vn -0.7619 -0.2642 0.5914
vn -0.6305 -0.5148 0.5809
vn -0.5920 -0.5121 0.6223
vn -0.3957 -0.7777 0.4884
vn -0.3004 -0.9082 0.2915
vn -0.9773 0.0824 0.1950
vn -0.9477 -0.1748 0.2669
vn -0.9444 0.3285 0.0103
vn -0.8844 0.1742 -0.4331
vn -0.8827 -0.0756 -0.4639
vn -0.9792 0.0199 -0.2020
vn -0.9358 0.2949 -0.1931
vn -0.7295 0.2614 -0.6321
vn -0.6663 0.5024 -0.5511
vn -0.7352 -0.0028 -0.6778
vn -0.1677 0.8666 -0.4699
vn -0.2419 0.7798 -0.5774
vn -0.1230 0.7989 -0.5887
vn -0.3816 0.7431 -0.5497
vn -0.5409 0.6644 -0.5158
vn -0.1283 0.6115 -0.7808
vn -0.2806 0.5414 -0.7926
vn -0.3978 0.3909 -0.8300
vn -0.4577 0.1764 -0.8714
vn -0.4537 -0.0565 -0.8894
vn -0.3937 -0.2976 -0.8697
vn -0.2515 -0.4874 -0.8361
vn -0.1705 0.6918 -0.7017
vn -0.0454 0.6870 -0.7252
vn -0.3372 0.6433 -0.6873
vn -0.4836 0.5265 -0.6993
vn -0.5552 0.3048 -0.7739
vn -0.5552 0.0355 -0.8310
vn -0.3944 -0.2866 -0.8731
vn -0.2893 -0.6227 -0.7270
vn -0.5523 -0.1672 -0.8167
vn -0.6998 -0.2093 -0.6830
vn -0.3224 -0.5763 -0.7509
vn -0.8905 -0.3677 0.2679
vn -0.7590 -0.5855 0.2849
vn -0.1040 -0.7104 -0.6961
vn -0.2919 -0.8375 -0.4619
vn -0.1879 -0.6620 -0.7255
vn -0.1697 -0.8378 -0.5189
vn -0.1708 -0.9305 -0.3241
vn -0.3369 -0.9104 -0.2400
vn 0.1011 -0.8530 -0.5120
vn 0.1078 -0.9560 -0.2727
vn -0.2031 -0.9757 -0.0822
vn -0.4052 -0.9137 -0.0316
vn -0.2352 -0.9692 0.0734
vn 0.2236 -0.9735 0.0480
vn 0.3733 -0.6779 0.6333
vn 0.5865 -0.6604 0.4690
vn 0.9078 -0.2754 0.3164
vn 0.9419 -0.2929 0.1643
vn 0.2089 -0.9621 0.1753
vn 0.9367 -0.3469 0.0479
vn 0.8799 -0.4341 -0.1930
vn -0.3178 -0.4713 -0.8228
vn -0.1718 -0.2745 -0.9461
vn -0.5713 -0.2426 -0.7841
vn -0.6199 -0.2963 -0.7266
vn -0.9571 -0.1847 -0.2234
vn -0.8457 -0.2252 -0.4838
vn -0.4840 -0.4067 -0.7748
vn 0.2569 -0.3434 -0.9034
vn 0.0579 -0.7227 0.6888
vn -0.2194 -0.7302 0.6470
vn -0.2023 -0.1083 0.9733
vn 0.4087 -0.1177 0.9050
vn -0.7492 0.0252 0.6618
vn 0.8038 -0.0557 0.5923
vn 0.6373 -0.4302 -0.6393
vn 0.8424 -0.4848 -0.2354
vn 0.6213 -0.4904 -0.6112
vn 0.9657 -0.1323 0.2234
vn 0.9449 -0.3011 0.1282
vn 0.8997 0.2965 0.3204
vn -0.1930 0.8840 0.4258
vn 0.1229 0.8444 0.5214
vn -0.9575 -0.1233 0.2608
vn -0.9977 0.0656 -0.0162
vn -0.9873 -0.1588 -0.0018
vn -0.8606 -0.5086 0.0278
vn -0.9657 -0.2546 0.0506
vn -0.9468 -0.3217 0.0052
vn -0.9334 -0.2999 -0.1972
vn -0.8347 -0.2665 -0.4820
vn -0.8995 -0.3912 -0.1947
vn -0.9424 -0.2771 -0.1872
vn -0.8427 -0.2388 -0.4826
vn -0.9525 -0.1856 -0.2415
vn -0.9975 0.0547 -0.0454
vn 0.2401 -0.4050 -0.8822
vn 0.2508 -0.7982 -0.5476
vn -0.1572 -0.7436 -0.6499
vn -0.1490 -0.3716 -0.9164
vn -0.5000 -0.5984 -0.6260
vn -0.5578 -0.3257 -0.7634
vn -0.8036 -0.2863 -0.5217
vn -0.7310 -0.4769 -0.4881
vn -0.8478 -0.4212 -0.3222
vn 0.9099 -0.4148 0.0055
vn 0.5542 -0.8012 -0.2257
vn -0.4752 -0.8770 0.0717
vn -0.9284 -0.3230 -0.1839
vn -0.9553 0.2943 0.0289
vn -0.4250 0.5118 -0.7466
vn 0.9740 -0.1146 0.1955
vn 0.7175 -0.6932 0.0679
vn 0.7379 -0.6725 0.0568
vn 0.6979 -0.7148 0.0455
vn 0.6631 -0.7485 -0.0061
vn 0.3217 -0.9467 0.0125
vn 0.3585 -0.9330 -0.0315
vn 0.3267 -0.9446 -0.0308
vn 0.3052 -0.9516 -0.0351
vn 0.2866 -0.9502 -0.1227
vn 0.0873 -0.9642 -0.2504
vn -0.1285 -0.9388 -0.3197
vn 0.0538 -0.9949 -0.0858
vn 0.1003 -0.9915 -0.0827
vn 0.1358 -0.9876 -0.0794
vn 0.1219 -0.9913 0.0491
vn 0.4198 0.7654 0.4877
vn 0.6573 0.6046 0.4500
vn -0.4051 -0.8129 -0.4184
vn -0.9651 -0.2399 -0.1046
vn -0.6288 -0.7698 -0.1094
vn -0.6231 -0.7606 -0.1820
vn -0.6217 -0.7357 -0.2686
vn -0.5633 -0.7364 -0.3748
vn -0.2788 -0.9603 -0.0047
vn -0.2842 -0.9528 -0.1065
vn -0.0645 -0.9922 -0.1064
vn -0.0709 -0.9965 0.0444
vn -0.0573 -0.9917 -0.1154
vn -0.0861 -0.9859 -0.1437
vn -0.2722 -0.9526 -0.1357
vn -0.2965 -0.9342 -0.1984
vn -0.0756 0.3039 0.9497
vn -0.5273 0.3023 0.7941
vn -0.8726 0.1145 0.4747
vn -0.9948 -0.0882 0.0508
vn -0.8748 -0.3073 -0.3746
vn -0.4653 -0.4868 -0.7393
vn 0.0368 -0.5158 -0.8559
vn 0.5117 -0.4223 -0.7482
vn 0.8014 -0.3091 -0.5121
vn 0.9738 -0.1388 -0.1802
vn 0.9514 0.0964 0.2925
vn 0.7290 0.1570 0.6662
vn 0.3530 0.2323 0.9063
vn -0.9983 -0.0486 0.0313
vn -0.8618 -0.3133 -0.3989
vn -0.4873 -0.5069 -0.7110
vn 0.0163 -0.5550 -0.8317
vn 0.4587 -0.4839 -0.7453
vn 0.7800 -0.3555 -0.5149
vn 0.9696 -0.1645 -0.1809
vn 0.9890 0.1042 0.1055
vn 0.8795 -0.3925 -0.2692
vn 0.6617 -0.7061 -0.2519
vn 0.7224 -0.4709 -0.5064
vn -0.0149 -0.6814 -0.7317
vn 0.4013 -0.6209 -0.6734
vn 0.5466 -0.7265 -0.4165
vn -0.5281 -0.5733 -0.6265
vn -0.8560 -0.3425 -0.3872
vn -0.9860 -0.1409 -0.0891
vn -0.8896 -0.3846 -0.2465
vn -0.6687 -0.6776 -0.3061
vn -0.0007 -0.9089 -0.4169
vn 0.2939 -0.8516 -0.4340
vn -0.3408 -0.8354 -0.4313
vn -0.2825 -0.9570 -0.0662
vn -0.0262 -0.9970 -0.0727
vn 0.1905 -0.9759 -0.1061
vn 0.3947 -0.9041 -0.1639
vt 0.351141 0.767324
vt 0.363265 0.763139
vt 0.362199 0.772475
vt 0.353285 0.779222
vt 0.366501 0.782100
vt 0.359901 0.790897
vt 0.375853 0.783036
vt 0.372687 0.793639
vt 0.384155 0.777055
vt 0.382788 0.791234
vt 0.394806 0.776649
vt 0.386350 0.765997
vt 0.394759 0.764583
vt 0.390353 0.752157
vt 0.384466 0.759093
vt 0.379194 0.745145
vt 0.376103 0.756235
vt 0.368480 0.755987
vt 0.364954 0.744868
vt 0.357670 0.752646
vt 0.350765 0.757004
vt 0.392598 0.787372
vt 0.353159 0.798839
vt 0.344231 0.782878
vt 0.368919 0.806575
vt 0.386052 0.804096
vt 0.400481 0.794029
vt 0.406123 0.776850
vt 0.404118 0.758606
vt 0.395543 0.743343
vt 0.381499 0.735573
vt 0.365229 0.734791
vt 0.354217 0.744150
vt 0.342853 0.754454
vt 0.341554 0.769443
vt 0.333850 0.768459
vt 0.333482 0.754267
vt 0.341839 0.744056
vt 0.350172 0.737158
vt 0.358897 0.726766
vt 0.335951 0.782810
vt 0.326151 0.781445
vt 0.326151 0.768429
vt 0.326151 0.756143
vt 0.326151 0.747872
vt 0.333524 0.745848
vt 0.326151 0.738921
vt 0.333783 0.738232
vt 0.339643 0.734761
vt 0.344621 0.731995
vt 0.347389 0.723300
vt 0.326151 0.727917
vt 0.333092 0.728703
vt 0.339067 0.728650
vt 0.326151 0.718171
vt 0.334541 0.719037
vt 0.340106 0.722182
vt 0.332914 0.710403
vt 0.326151 0.710477
vt 0.341027 0.712080
vt 0.349482 0.714122
vt 0.360446 0.716020
vt 0.371086 0.720458
vt 0.326151 0.702133
vt 0.334290 0.700037
vt 0.342820 0.700515
vt 0.349979 0.701634
vt 0.384889 0.725599
vt 0.401813 0.734071
vt 0.418335 0.746002
vt 0.361910 0.704370
vt 0.372634 0.707398
vt 0.387740 0.712611
vt 0.326151 0.691594
vt 0.334576 0.688683
vt 0.343564 0.688396
vt 0.352280 0.691439
vt 0.326151 0.679644
vt 0.335247 0.678447
vt 0.345027 0.678869
vt 0.354782 0.681918
vt 0.361728 0.692748
vt 0.362190 0.680219
vt 0.373786 0.695890
vt 0.389858 0.698893
vt 0.374296 0.679896
vt 0.392984 0.680906
vt 0.326151 0.659310
vt 0.339783 0.662507
vt 0.352917 0.668740
vt 0.405943 0.720505
vt 0.409593 0.704328
vt 0.411527 0.683635
vt 0.338537 0.800976
vt 0.326151 0.802746
vt 0.494276 0.160504
vt 0.497340 0.142059
vt 0.513559 0.141662
vt 0.514656 0.168201
vt 0.496134 0.127847
vt 0.507824 0.121114
vt 0.492323 0.120547
vt 0.506831 0.110988
vt 0.503636 0.108228
vt 0.500647 0.105646
vt 0.492059 0.107409
vt 0.479923 0.125409
vt 0.466799 0.133205
vt 0.459295 0.116345
vt 0.481008 0.109678
vt 0.452541 0.144841
vt 0.485944 0.134825
vt 0.476177 0.151082
vt 0.326151 0.642023
vt 0.350311 0.650189
vt 0.366031 0.665169
vt 0.355256 0.623477
vt 0.370059 0.642012
vt 0.383078 0.660569
vt 0.406323 0.656318
vt 0.394286 0.633617
vt 0.375102 0.610750
vt 0.425198 0.728495
vt 0.431016 0.710323
vt 0.435944 0.687648
vt 0.416929 0.623865
vt 0.437332 0.648726
vt 0.398487 0.597516
vt 0.326151 0.823611
vt 0.344996 0.819462
vt 0.361482 0.822747
vt 0.381638 0.820358
vt 0.418504 0.798233
vt 0.423716 0.779994
vt 0.437046 0.755694
vt 0.445557 0.738021
vt 0.452156 0.719077
vt 0.456378 0.699754
vt 0.435261 0.669502
vt 0.458591 0.769376
vt 0.446963 0.789614
vt 0.468603 0.749488
vt 0.476576 0.729518
vt 0.483625 0.709425
vt 0.437151 0.807464
vt 0.397242 0.817223
vt 0.410705 0.812841
vt 0.425632 0.823461
vt 0.407267 0.834952
vt 0.386201 0.841922
vt 0.362879 0.846131
vt 0.344932 0.845586
vt 0.326151 0.843535
vt 0.347721 0.875825
vt 0.326151 0.879951
vt 0.366587 0.874436
vt 0.390189 0.866080
vt 0.422155 0.853837
vt 0.440481 0.836972
vt 0.454581 0.819619
vt 0.468183 0.800929
vt 0.481514 0.781144
vt 0.493229 0.761661
vt 0.504328 0.744675
vt 0.517437 0.720581
vt 0.485015 0.689091
vt 0.459409 0.685204
vt 0.503106 0.689334
vt 0.419780 0.587597
vt 0.439088 0.578337
vt 0.452118 0.600356
vt 0.435026 0.613541
vt 0.463620 0.592717
vt 0.451197 0.570335
vt 0.414319 0.915671
vt 0.403979 0.929699
vt 0.391439 0.922681
vt 0.403698 0.906142
vt 0.422535 0.895361
vt 0.436477 0.909980
vt 0.450577 0.885560
vt 0.445280 0.878846
vt 0.464170 0.859954
vt 0.470881 0.868424
vt 0.454789 0.103618
vt 0.477959 0.098030
vt 0.431875 0.116383
vt 0.500087 0.099239
vt 0.490556 0.098325
vt 0.512359 0.106281
vt 0.505493 0.102778
vt 0.523499 0.141117
vt 0.533724 0.165372
vt 0.516221 0.118648
vt 0.539816 0.092471
vt 0.562605 0.089213
vt 0.561814 0.106284
vt 0.540768 0.105133
vt 0.519092 0.096941
vt 0.528208 0.095220
vt 0.522445 0.100022
vt 0.409978 0.882174
vt 0.435559 0.868337
vt 0.453586 0.849689
vt 0.380281 0.895416
vt 0.361123 0.912501
vt 0.326151 0.918747
vt 0.376639 0.933120
vt 0.361791 0.946742
vt 0.398316 0.942267
vt 0.387244 0.962012
vt 0.413004 0.971006
vt 0.423089 0.948493
vt 0.424498 0.937499
vt 0.469818 0.833002
vt 0.487272 0.813714
vt 0.503883 0.793459
vt 0.518285 0.772269
vt 0.484613 0.846859
vt 0.504969 0.828725
vt 0.525052 0.808677
vt 0.496487 0.861876
vt 0.475536 0.875903
vt 0.521649 0.845396
vt 0.510686 0.643679
vt 0.499511 0.652818
vt 0.475252 0.626121
vt 0.484416 0.616409
vt 0.537235 0.673948
vt 0.523621 0.682171
vt 0.561634 0.707389
vt 0.546212 0.715065
vt 0.580244 0.740962
vt 0.563927 0.746377
vt 0.578043 0.780562
vt 0.595876 0.776513
vt 0.607141 0.813563
vt 0.589745 0.816153
vt 0.486257 0.664603
vt 0.540285 0.753458
vt 0.556901 0.783438
vt 0.536442 0.792674
vt 0.569797 0.819716
vt 0.597702 0.849949
vt 0.613472 0.848063
vt 0.624100 0.945256
vt 0.613430 0.915188
vt 0.626311 0.913744
vt 0.636362 0.940298
vt 0.578873 0.854505
vt 0.595222 0.924091
vt 0.605555 0.954035
vt 0.545424 0.825697
vt 0.555250 0.860926
vt 0.581390 0.094281
vt 0.579587 0.112523
vt 0.586220 0.078652
vt 0.500761 0.879540
vt 0.475683 0.887272
vt 0.480314 0.900362
vt 0.528231 0.869204
vt 0.532381 0.894513
vt 0.501419 0.902826
vt 0.560275 0.897016
vt 0.586007 0.889335
vt 0.604263 0.882031
vt 0.617391 0.880539
vt 0.574529 0.930864
vt 0.584571 0.963755
vt 0.550900 0.976066
vt 0.544099 0.939871
vt 0.512397 0.948147
vt 0.512753 0.982347
vt 0.536279 0.911913
vt 0.478054 0.952421
vt 0.474561 0.981914
vt 0.448573 0.952468
vt 0.442973 0.977555
vt 0.508973 0.923286
vt 0.485099 0.919856
vt 0.451438 0.940358
vt 0.559048 0.131710
vt 0.579465 0.138721
vt 0.540606 0.122461
vt 0.525018 0.114701
vt 0.526334 0.104586
vt 0.515644 0.101303
vt 0.519945 0.105463
vt 0.517173 0.109550
vt 0.544008 0.145367
vt 0.534643 0.133008
vt 0.553115 0.161158
vt 0.562972 0.150130
vt 0.366988 0.771466
vt 0.368863 0.766069
vt 0.368953 0.778693
vt 0.376282 0.779810
vt 0.382518 0.775060
vt 0.384194 0.767154
vt 0.382775 0.761473
vt 0.376569 0.760605
vt 0.371382 0.761874
vt 0.375893 0.768780
vt 0.453026 0.668870
vt 0.460499 0.639095
vt 0.806761 0.601608
vt 0.798389 0.604625
vt 0.796565 0.596071
vt 0.803839 0.594474
vt 0.793975 0.587802
vt 0.803713 0.586533
vt 0.793081 0.580421
vt 0.803599 0.580155
vt 0.805156 0.573193
vt 0.793901 0.570597
vt 0.808905 0.608558
vt 0.801053 0.612070
vt 0.811968 0.615515
vt 0.805336 0.618922
vt 0.815453 0.623739
vt 0.807628 0.628879
vt 0.821189 0.632954
vt 0.796715 0.564815
vt 0.806862 0.565607
vt 0.786236 0.597108
vt 0.784074 0.585964
vt 0.786619 0.574793
vt 0.790263 0.607841
vt 0.796145 0.620045
vt 0.817678 0.607019
vt 0.819492 0.613817
vt 0.815468 0.599630
vt 0.813030 0.592904
vt 0.811744 0.586631
vt 0.821635 0.620947
vt 0.812060 0.579050
vt 0.812051 0.573330
vt 0.813141 0.566397
vt 0.819203 0.572056
vt 0.819497 0.578570
vt 0.819235 0.566639
vt 0.820194 0.585276
vt 0.821542 0.590888
vt 0.823941 0.598183
vt 0.825485 0.606281
vt 0.826356 0.612295
vt 0.814573 0.557936
vt 0.821567 0.559422
vt 0.807646 0.557209
vt 0.795153 0.557168
vt 0.822017 0.547999
vt 0.815514 0.547108
vt 0.808569 0.547031
vt 0.799970 0.546998
vt 0.830463 0.586520
vt 0.834354 0.597368
vt 0.834127 0.608997
vt 0.829509 0.559353
vt 0.826275 0.567917
vt 0.829647 0.549517
vt 0.826760 0.620069
vt 0.834716 0.619586
vt 0.826990 0.627684
vt 0.832059 0.624936
vt 0.747824 0.547788
vt 0.750964 0.536485
vt 0.757284 0.543552
vt 0.753347 0.557487
vt 0.765777 0.550033
vt 0.760875 0.564857
vt 0.773188 0.555189
vt 0.768675 0.569590
vt 0.777532 0.570402
vt 0.784643 0.559433
vt 0.829323 0.575689
vt 0.721478 0.593429
vt 0.744080 0.605342
vt 0.733661 0.615691
vt 0.713665 0.608370
vt 0.761085 0.616273
vt 0.776385 0.630761
vt 0.762501 0.637691
vt 0.749200 0.625491
vt 0.773580 0.651612
vt 0.787940 0.647231
vt 0.691884 0.593176
vt 0.691351 0.605344
vt 0.660357 0.594529
vt 0.662635 0.610885
vt 0.219844 0.401378
vt 0.233007 0.395704
vt 0.230817 0.417273
vt 0.213763 0.416666
vt 0.196136 0.409766
vt 0.212589 0.391424
vt 0.230717 0.369911
vt 0.227441 0.439055
vt 0.208240 0.437796
vt 0.190532 0.437522
vt 0.739529 0.634338
vt 0.724449 0.626234
vt 0.750806 0.644961
vt 0.760873 0.658136
vt 0.795725 0.661961
vt 0.782296 0.667856
vt 0.768921 0.674110
vt 0.706901 0.620647
vt 0.686978 0.618958
vt 0.154517 0.419815
vt 0.158542 0.407818
vt 0.174205 0.410856
vt 0.170363 0.428138
vt 0.163889 0.443141
vt 0.148679 0.432268
vt 0.788696 0.680834
vt 0.775053 0.688211
vt 0.801600 0.674107
vt 0.140085 0.410432
vt 0.143359 0.400975
vt 0.135595 0.422184
vt 0.126561 0.398804
vt 0.130199 0.390564
vt 0.122988 0.411976
vt 0.111553 0.385870
vt 0.120866 0.378072
vt 0.108819 0.400763
vt 0.666630 0.623611
vt 0.737325 0.655228
vt 0.727507 0.645323
vt 0.748455 0.667283
vt 0.754956 0.683893
vt 0.758186 0.700132
vt 0.716208 0.637586
vt 0.699965 0.632899
vt 0.686155 0.634001
vt 0.093356 0.393516
vt 0.096620 0.381152
vt 0.078477 0.390766
vt 0.077640 0.375366
vt 0.058317 0.385044
vt 0.065912 0.395242
vt 0.056568 0.403356
vt 0.046590 0.399139
vt 0.051948 0.418722
vt 0.039757 0.415178
vt 0.041036 0.435628
vt 0.052846 0.433918
vt 0.059772 0.444798
vt 0.047083 0.453274
vt 0.068628 0.458495
vt 0.057679 0.468125
vt 0.080287 0.472744
vt 0.070466 0.483495
vt 0.096576 0.487104
vt 0.084295 0.500605
vt 0.099794 0.514057
vt 0.112817 0.498129
vt 0.118747 0.522622
vt 0.129862 0.506914
vt 0.146814 0.514759
vt 0.140269 0.531770
vt 0.165260 0.532546
vt 0.163428 0.517692
vt 0.168883 0.544630
vt 0.142449 0.547536
vt 0.175156 0.514360
vt 0.189174 0.524209
vt 0.193813 0.539716
vt 0.242827 0.524446
vt 0.218396 0.532056
vt 0.213871 0.512431
vt 0.241248 0.506107
vt 0.265035 0.518172
vt 0.264508 0.501359
vt 0.286484 0.514246
vt 0.287135 0.497618
vt 0.311353 0.508218
vt 0.311432 0.494859
vt 0.334876 0.493047
vt 0.334471 0.506409
vt 0.182531 0.500084
vt 0.197740 0.505922
vt 0.202090 0.482939
vt 0.184944 0.482122
vt 0.184698 0.464698
vt 0.202127 0.457166
vt 0.178075 0.453271
vt 0.224204 0.460743
vt 0.221259 0.485175
vt 0.977291 0.509575
vt 0.966168 0.514366
vt 0.958019 0.498250
vt 0.972155 0.492092
vt 0.962716 0.474800
vt 0.949220 0.481470
vt 0.950881 0.460572
vt 0.941374 0.466773
vt 0.938263 0.455205
vt 0.926027 0.469603
vt 0.920815 0.455615
vt 0.974004 0.523493
vt 0.964088 0.538484
vt 0.953881 0.523950
vt 0.943898 0.505288
vt 0.934230 0.486572
vt 0.908474 0.471655
vt 0.901986 0.457041
vt 0.951208 0.552307
vt 0.939274 0.534280
vt 0.929152 0.511606
vt 0.918450 0.491025
vt 0.892224 0.474063
vt 0.885265 0.458918
vt 0.903032 0.495453
vt 0.913605 0.515847
vt 0.923140 0.534529
vt 0.930549 0.548867
vt 0.938028 0.565775
vt 0.918002 0.559848
vt 0.923776 0.577447
vt 0.903121 0.570500
vt 0.907900 0.588600
vt 0.908847 0.540973
vt 0.894658 0.548636
vt 0.899071 0.521472
vt 0.885424 0.528080
vt 0.888438 0.500905
vt 0.875826 0.508336
vt 0.875252 0.478444
vt 0.868422 0.461174
vt 0.853024 0.478371
vt 0.848326 0.462015
vt 0.635930 0.623956
vt 0.628596 0.608664
vt 0.641275 0.637269
vt 0.103881 0.372364
vt 0.114476 0.365070
vt 0.092914 0.359667
vt 0.108799 0.351975
vt 0.795033 0.691990
vt 0.808257 0.682925
vt 0.888059 0.577373
vt 0.894669 0.597525
vt 0.881263 0.555132
vt 0.875926 0.595591
vt 0.873700 0.580046
vt 0.872465 0.534263
vt 0.868218 0.560384
vt 0.860035 0.539646
vt 0.863401 0.515109
vt 0.829060 0.476264
vt 0.828430 0.462237
vt 0.810773 0.474144
vt 0.810345 0.462194
vt 0.793176 0.473733
vt 0.794138 0.462537
vt 0.851751 0.521215
vt 0.777589 0.472934
vt 0.779410 0.461325
vt 0.761416 0.469100
vt 0.763010 0.455226
vt 0.880868 0.634402
vt 0.867567 0.635142
vt 0.872040 0.621305
vt 0.885768 0.620416
vt 0.874390 0.609546
vt 0.886913 0.608999
vt 0.861151 0.597005
vt 0.860443 0.610119
vt 0.859536 0.582821
vt 0.855554 0.565146
vt 0.848662 0.544730
vt 0.840760 0.527223
vt 0.865265 0.490590
vt 0.852767 0.498580
vt 0.842161 0.505427
vt 0.832207 0.513001
vt 0.839598 0.486199
vt 0.828418 0.493314
vt 0.819542 0.501034
vt 0.815225 0.484486
vt 0.794920 0.484895
vt 0.807967 0.492323
vt 0.774158 0.483196
vt 0.758771 0.480900
vt 0.856778 0.636705
vt 0.858082 0.622422
vt 0.117841 0.534874
vt 0.117717 0.550349
vt 0.063237 0.542458
vt 0.069254 0.557871
vt 0.047905 0.562322
vt 0.041938 0.546523
vt 0.092509 0.535567
vt 0.092925 0.553543
vt 0.076180 0.517405
vt 0.035440 0.529098
vt 0.056852 0.523017
vt 0.062611 0.500032
vt 0.029087 0.510308
vt 0.047878 0.507002
vt 0.043634 0.482828
vt 0.023427 0.491296
vt 0.017263 0.465894
vt 0.033041 0.459145
vt 0.013025 0.439594
vt 0.027259 0.437189
vt 0.011742 0.414039
vt 0.026957 0.414843
vt 0.013424 0.392661
vt 0.032419 0.395436
vt 0.042514 0.373972
vt 0.018705 0.367689
vt 0.062369 0.361375
vt 0.079695 0.341073
vt 0.046853 0.353879
vt 0.024730 0.349122
vt 0.058264 0.327412
vt 0.036157 0.321297
vt 0.105363 0.336342
vt 0.086161 0.316435
vt 0.107483 0.322962
vt 0.049834 0.295353
vt 0.066854 0.307139
vt 0.062005 0.275776
vt 0.077892 0.285402
vt 0.096943 0.296303
vt 0.115611 0.306750
vt 0.670952 0.639462
vt 0.649127 0.653201
vt 0.797185 0.753476
vt 0.800899 0.759907
vt 0.793633 0.761144
vt 0.791849 0.756798
vt 0.786952 0.763845
vt 0.785337 0.757461
vt 0.779952 0.764936
vt 0.778224 0.758224
vt 0.772457 0.757568
vt 0.770659 0.767402
vt 0.803982 0.751395
vt 0.808097 0.758044
vt 0.809991 0.747853
vt 0.814366 0.754075
vt 0.818080 0.743978
vt 0.824027 0.751745
vt 0.825654 0.738662
vt 0.832395 0.745902
vt 0.762668 0.764537
vt 0.764787 0.755854
vt 0.795300 0.770854
vt 0.786091 0.772543
vt 0.776894 0.771366
vt 0.804319 0.767681
vt 0.815956 0.763113
vt 0.801866 0.743329
vt 0.807776 0.740889
vt 0.794874 0.747239
vt 0.789525 0.749968
vt 0.783967 0.751919
vt 0.813952 0.738111
vt 0.777133 0.752429
vt 0.772477 0.752150
vt 0.765668 0.750184
vt 0.771028 0.745358
vt 0.776910 0.745679
vt 0.765934 0.744702
vt 0.781908 0.745167
vt 0.787480 0.742860
vt 0.792978 0.740329
vt 0.799762 0.737134
vt 0.805724 0.734891
vt 0.757375 0.747717
vt 0.759560 0.740889
vt 0.755961 0.754244
vt 0.754841 0.764954
vt 0.748124 0.738537
vt 0.746666 0.745159
vt 0.745671 0.752372
vt 0.744608 0.762531
vt 0.781737 0.733775
vt 0.789169 0.729519
vt 0.796183 0.726684
vt 0.802870 0.725546
vt 0.759470 0.731614
vt 0.766811 0.736386
vt 0.750491 0.729225
vt 0.812509 0.733742
vt 0.810572 0.725318
vt 0.820724 0.732715
vt 0.817815 0.725234
vt 0.752742 0.814357
vt 0.742014 0.812933
vt 0.747568 0.805547
vt 0.761579 0.807169
vt 0.752639 0.795932
vt 0.766964 0.798864
vt 0.769411 0.791192
vt 0.754259 0.787401
vt 0.768271 0.783374
vt 0.757028 0.776854
vt 0.768679 0.774790
vt 0.773550 0.736451
vt 0.243393 0.483640
vt 0.335289 0.479410
vt 0.309802 0.477869
vt 0.287244 0.479069
vt 0.265257 0.481393
vt 0.310193 0.458493
vt 0.335917 0.458676
vt 0.287679 0.458882
vt 0.266411 0.460034
vt 0.245362 0.461052
vt 0.247327 0.439045
vt 0.267458 0.438377
vt 0.287462 0.437502
vt 0.307137 0.436442
vt 0.336604 0.436034
vt 0.309230 0.413730
vt 0.337285 0.413560
vt 0.288447 0.415633
vt 0.268656 0.416411
vt 0.249199 0.416893
vt 0.311844 0.394786
vt 0.337878 0.394009
vt 0.290071 0.394191
vt 0.270270 0.394043
vt 0.250808 0.394096
vt 0.313946 0.370921
vt 0.338537 0.372239
vt 0.290674 0.371817
vt 0.272281 0.371019
vt 0.251937 0.369263
vt 0.279710 0.348070
vt 0.298219 0.348323
vt 0.258768 0.343559
vt 0.243441 0.339245
vt 0.784243 0.136430
vt 0.779391 0.129469
vt 0.801657 0.128657
vt 0.801657 0.134359
vt 0.770631 0.146518
vt 0.764138 0.139802
vt 0.751931 0.154324
vt 0.760255 0.161610
vt 0.744860 0.168799
vt 0.754686 0.175269
vt 0.736416 0.186300
vt 0.749405 0.192049
vt 0.742637 0.210867
vt 0.727685 0.204519
vt 0.736312 0.227395
vt 0.720858 0.219507
vt 0.726657 0.246486
vt 0.710526 0.238620
vt 0.732495 0.161266
vt 0.741694 0.147102
vt 0.722400 0.179220
vt 0.713053 0.196829
vt 0.705923 0.212414
vt 0.694571 0.232063
vt 0.754477 0.131673
vt 0.773913 0.122166
vt 0.801657 0.118616
vt 0.778143 0.109488
vt 0.801657 0.108890
vt 0.759371 0.114499
vt 0.744416 0.124153
vt 0.730653 0.140320
vt 0.718427 0.154902
vt 0.705573 0.170546
vt 0.693809 0.184887
vt 0.683594 0.202042
vt 0.671811 0.219974
vt 0.650963 0.204356
vt 0.661401 0.189209
vt 0.677511 0.172765
vt 0.691051 0.160397
vt 0.704754 0.146588
vt 0.692963 0.138917
vt 0.680263 0.149357
vt 0.666387 0.160316
vt 0.649899 0.174269
vt 0.635459 0.186440
vt 0.718263 0.132903
vt 0.708075 0.126174
vt 0.729833 0.118333
vt 0.776021 0.099982
vt 0.801657 0.101175
vt 0.754024 0.105812
vt 0.709626 0.115129
vt 0.623243 0.163474
vt 0.641055 0.157723
vt 0.616430 0.136064
vt 0.638135 0.134585
vt 0.617135 0.111248
vt 0.636679 0.112699
vt 0.639523 0.092925
vt 0.622905 0.087651
vt 0.659046 0.149040
vt 0.674979 0.141551
vt 0.654563 0.132264
vt 0.672787 0.129892
vt 0.654930 0.114236
vt 0.672336 0.113864
vt 0.657650 0.096730
vt 0.674672 0.099032
vt 0.690674 0.127207
vt 0.690778 0.114074
vt 0.692478 0.101059
vt 0.710785 0.102747
vt 0.730391 0.104035
vt 0.634414 0.062844
vt 0.649734 0.072320
vt 0.663769 0.079451
vt 0.679410 0.084526
vt 0.695704 0.088145
vt 0.712350 0.090449
vt 0.729982 0.091407
vt 0.748644 0.092624
vt 0.649125 0.043846
vt 0.662935 0.055962
vt 0.674875 0.065195
vt 0.687055 0.072273
vt 0.699089 0.076402
vt 0.669409 0.028318
vt 0.677947 0.041252
vt 0.688950 0.052056
vt 0.700715 0.066089
vt 0.714532 0.079106
vt 0.730773 0.079977
vt 0.717221 0.067280
vt 0.732985 0.068697
vt 0.693074 0.016984
vt 0.700250 0.030993
vt 0.704732 0.045115
vt 0.718878 0.012285
vt 0.719986 0.027033
vt 0.719745 0.041061
vt 0.737381 0.027743
vt 0.735379 0.041307
vt 0.738136 0.013366
vt 0.703828 0.055817
vt 0.719098 0.055146
vt 0.733749 0.057059
vt 0.760086 0.019775
vt 0.756168 0.034231
vt 0.752216 0.049248
vt 0.749484 0.058262
vt 0.746357 0.069710
vt 0.746186 0.081401
vt 0.794121 0.046528
vt 0.801657 0.060795
vt 0.790108 0.065117
vt 0.780339 0.054942
vt 0.790436 0.071604
vt 0.774691 0.067300
vt 0.801657 0.068010
vt 0.770243 0.044658
vt 0.780659 0.031986
vt 0.759409 0.056634
vt 0.759393 0.071183
vt 0.759820 0.079983
vt 0.774709 0.079178
vt 0.764138 0.090647
vt 0.778947 0.088845
vt 0.791346 0.080928
vt 0.801657 0.091882
vt 0.801657 0.074819
vt 0.801657 0.082565
vt 0.728310 0.680772
vt 0.719949 0.665614
vt 0.701528 0.651725
vt 0.657621 0.674460
vt 0.680568 0.661203
vt 0.689125 0.681824
vt 0.664886 0.693490
vt 0.625423 0.666749
vt 0.616198 0.643434
vt 0.634361 0.689947
vt 0.317210 0.349031
vt 0.339115 0.353186
vt 0.303478 0.318874
vt 0.321601 0.323850
vt 0.285108 0.315717
vt 0.260509 0.314390
vt 0.600869 0.620786
vt 0.319412 0.270359
vt 0.341529 0.273544
vt 0.341118 0.287108
vt 0.309325 0.288852
vt 0.289817 0.282490
vt 0.299352 0.264286
vt 0.280043 0.254587
vt 0.270489 0.274313
vt 0.255904 0.267322
vt 0.265311 0.246122
vt 0.239161 0.251646
vt 0.248470 0.233629
vt 0.221728 0.229766
vt 0.230448 0.216932
vt 0.204174 0.210731
vt 0.215667 0.201703
vt 0.190863 0.183839
vt 0.206044 0.180046
vt 0.331833 0.303410
vt 0.307463 0.303897
vt 0.286881 0.300495
vt 0.265364 0.294722
vt 0.247974 0.287931
vt 0.587611 0.638104
vt 0.595161 0.660992
vt 0.226220 0.279097
vt 0.210434 0.251296
vt 0.187739 0.234328
vt 0.603218 0.689327
vt 0.614834 0.710261
vt 0.642817 0.709830
vt 0.595107 0.728557
vt 0.193603 0.254498
vt 0.731814 0.694831
vt 0.736507 0.708148
vt 0.174151 0.263532
vt 0.164922 0.237792
vt 0.179960 0.210854
vt 0.165512 0.191145
vt 0.154874 0.215034
vt 0.145069 0.199753
vt 0.135491 0.225134
vt 0.122480 0.212716
vt 0.142835 0.242567
vt 0.157948 0.260980
vt 0.146943 0.261641
vt 0.110917 0.241984
vt 0.099394 0.230636
vt 0.124272 0.255732
vt 0.091697 0.263558
vt 0.078340 0.253360
vt 0.137055 0.271759
vt 0.808273 0.703101
vt 0.816788 0.690596
vt 0.822144 0.705782
vt 0.825651 0.694343
vt 0.840257 0.698244
vt 0.839594 0.709846
vt 0.857987 0.706017
vt 0.859499 0.696128
vt 0.881669 0.695352
vt 0.878640 0.702983
vt 0.896443 0.693621
vt 0.893038 0.701257
vt 0.633184 0.744503
vt 0.648268 0.729344
vt 0.654952 0.742257
vt 0.642659 0.755722
vt 0.693143 0.698032
vt 0.669377 0.709821
vt 0.622906 0.728361
vt 0.605027 0.745694
vt 0.632931 0.768146
vt 0.620864 0.761610
vt 0.792763 0.701578
vt 0.800916 0.714476
vt 0.778909 0.715484
vt 0.776357 0.700132
vt 0.760394 0.719392
vt 0.818188 0.715172
vt 0.907892 0.692354
vt 0.907213 0.700094
vt 0.905842 0.711510
vt 0.892889 0.712175
vt 0.858382 0.717738
vt 0.840855 0.722568
vt 0.826206 0.722663
vt 0.772356 0.724349
vt 0.785940 0.721236
vt 0.737805 0.724699
vt 0.705295 0.673293
vt 0.709850 0.688910
vt 0.713575 0.728475
vt 0.713109 0.715536
vt 0.712166 0.703270
vt 0.698574 0.709553
vt 0.674769 0.728031
vt 0.696380 0.720830
vt 0.696028 0.730206
vt 0.676497 0.734666
vt 0.697672 0.742628
vt 0.714562 0.741003
vt 0.642600 0.775836
vt 0.649055 0.763512
vt 0.662181 0.773958
vt 0.657491 0.787520
vt 0.661507 0.752050
vt 0.670565 0.761122
vt 0.677127 0.746574
vt 0.681462 0.755720
vt 0.696447 0.751516
vt 0.878676 0.714944
vt 0.907660 0.724500
vt 0.892792 0.722567
vt 0.109023 0.276806
vt 0.712348 0.749078
vt 0.733417 0.738396
vt 0.466469 0.930805
vt 0.339826 0.329720
vt 0.340528 0.306567
vt 0.831253 0.729218
vt 0.836318 0.737021
vt 0.845101 0.732259
vt 0.861362 0.727713
vt 0.878260 0.723986
vt 0.731368 0.817542
vt 0.734456 0.806234
vt 0.720405 0.805598
vt 0.718565 0.817278
vt 0.699617 0.814402
vt 0.703238 0.802665
vt 0.687234 0.799622
vt 0.680961 0.809717
vt 0.666474 0.801865
vt 0.677642 0.796576
vt 0.674192 0.787612
vt 0.676294 0.779161
vt 0.691615 0.789286
vt 0.706839 0.791507
vt 0.721314 0.794089
vt 0.737846 0.795017
vt 0.801791 0.718623
vt 0.812816 0.718327
vt 0.921313 0.702337
vt 0.924191 0.689647
vt 0.918671 0.712677
vt 0.125141 0.289596
vt 0.681033 0.765026
vt 0.730280 0.749745
vt 0.730651 0.761532
vt 0.711048 0.760279
vt 0.696870 0.760678
vt 0.687046 0.762321
vt 0.741793 0.775240
vt 0.727493 0.773244
vt 0.723934 0.784969
vt 0.740356 0.785868
vt 0.707937 0.783873
vt 0.693081 0.782203
vt 0.709780 0.770733
vt 0.695741 0.768235
vt 0.845902 0.584562
vt 0.842372 0.568148
vt 0.839484 0.549474
vt 0.832933 0.532782
vt 0.824829 0.519443
vt 0.812790 0.507608
vt 0.802002 0.500026
vt 0.789081 0.494300
vt 0.771673 0.493353
vt 0.756083 0.493182
vt 0.846348 0.639057
vt 0.844744 0.623872
vt 0.847073 0.610467
vt 0.847482 0.597648
vt 0.825337 0.538236
vt 0.817515 0.524947
vt 0.807454 0.514590
vt 0.796504 0.507031
vt 0.785458 0.503169
vt 0.768673 0.503173
vt 0.751824 0.504702
vt 0.836277 0.639165
vt 0.837751 0.629463
vt 0.829488 0.644080
vt 0.823532 0.648355
vt 0.815837 0.638114
vt 0.768319 0.510312
vt 0.754215 0.513861
vt 0.757668 0.522532
vt 0.791351 0.515346
vt 0.780967 0.512247
vt 0.770089 0.517152
vt 0.802505 0.522419
vt 0.811813 0.530849
vt 0.817734 0.538904
vt 0.809471 0.535885
vt 0.801774 0.533753
vt 0.786250 0.523229
vt 0.776959 0.519183
vt 0.794858 0.526957
vt 0.788270 0.543761
vt 0.778147 0.538992
vt 0.769911 0.533418
vt 0.762995 0.527719
vt 0.432073 0.131927
vt 0.290103 0.772475
vt 0.289037 0.763139
vt 0.301161 0.767324
vt 0.299017 0.779222
vt 0.285801 0.782100
vt 0.292402 0.790897
vt 0.279615 0.793639
vt 0.276449 0.783036
vt 0.269514 0.791234
vt 0.268147 0.777055
vt 0.257497 0.776649
vt 0.257543 0.764583
vt 0.265952 0.765997
vt 0.261949 0.752157
vt 0.267836 0.759093
vt 0.273108 0.745145
vt 0.276199 0.756235
vt 0.283822 0.755987
vt 0.287348 0.744868
vt 0.294632 0.752646
vt 0.301537 0.757004
vt 0.259705 0.787372
vt 0.299143 0.798839
vt 0.308071 0.782878
vt 0.283383 0.806575
vt 0.266250 0.804096
vt 0.251821 0.794029
vt 0.246179 0.776850
vt 0.248184 0.758606
vt 0.256760 0.743343
vt 0.270803 0.735573
vt 0.287073 0.734791
vt 0.298085 0.744150
vt 0.309449 0.754454
vt 0.310748 0.769443
vt 0.318452 0.768459
vt 0.318820 0.754267
vt 0.302130 0.737158
vt 0.310463 0.744056
vt 0.293405 0.726766
vt 0.316352 0.782810
vt 0.318778 0.745848
vt 0.318519 0.738232
vt 0.312659 0.734761
vt 0.307681 0.731995
vt 0.304913 0.723300
vt 0.319210 0.728703
vt 0.313235 0.728650
vt 0.317761 0.719037
vt 0.312196 0.722182
vt 0.319388 0.710403
vt 0.311275 0.712080
vt 0.302820 0.714122
vt 0.291856 0.716020
vt 0.281216 0.720458
vt 0.318012 0.700037
vt 0.309482 0.700515
vt 0.302323 0.701634
vt 0.267413 0.725599
vt 0.250489 0.734071
vt 0.233967 0.746002
vt 0.290392 0.704370
vt 0.279669 0.707398
vt 0.264562 0.712611
vt 0.317726 0.688683
vt 0.308738 0.688396
vt 0.300022 0.691439
vt 0.317056 0.678447
vt 0.307275 0.678869
vt 0.297520 0.681918
vt 0.290575 0.692748
vt 0.290112 0.680219
vt 0.278516 0.695890
vt 0.262444 0.698893
vt 0.278006 0.679896
vt 0.259319 0.680906
vt 0.312519 0.662507
vt 0.299385 0.668740
vt 0.246359 0.720505
vt 0.242710 0.704328
vt 0.240775 0.683635
vt 0.313765 0.800976
vt 0.392860 0.041955
vt 0.377474 0.047100
vt 0.368317 0.030798
vt 0.384861 0.016625
vt 0.381176 0.060875
vt 0.394460 0.063228
vt 0.396971 0.073088
vt 0.380077 0.069036
vt 0.394871 0.076833
vt 0.392974 0.080215
vt 0.384418 0.081462
vt 0.373135 0.083106
vt 0.366762 0.068683
vt 0.350450 0.084226
vt 0.351769 0.065818
vt 0.334402 0.059728
vt 0.369220 0.057780
vt 0.354504 0.045817
vt 0.301991 0.650189
vt 0.286272 0.665169
vt 0.282243 0.642012
vt 0.297047 0.623477
vt 0.269224 0.660569
vt 0.245979 0.656318
vt 0.258016 0.633617
vt 0.277200 0.610750
vt 0.227104 0.728495
vt 0.221286 0.710323
vt 0.216358 0.687648
vt 0.214970 0.648726
vt 0.235373 0.623865
vt 0.253815 0.597516
vt 0.307306 0.819462
vt 0.290820 0.822747
vt 0.270664 0.820358
vt 0.233798 0.798233
vt 0.228586 0.779994
vt 0.215256 0.755694
vt 0.206745 0.738021
vt 0.200146 0.719077
vt 0.195924 0.699754
vt 0.217041 0.669502
vt 0.205339 0.789614
vt 0.193711 0.769376
vt 0.183699 0.749488
vt 0.175726 0.729518
vt 0.168677 0.709425
vt 0.215152 0.807464
vt 0.255060 0.817223
vt 0.241598 0.812841
vt 0.226670 0.823461
vt 0.245035 0.834952
vt 0.266101 0.841922
vt 0.289423 0.846131
vt 0.307370 0.845586
vt 0.304581 0.875825
vt 0.285715 0.874436
vt 0.262112 0.866080
vt 0.230147 0.853837
vt 0.211821 0.836972
vt 0.197721 0.819619
vt 0.184119 0.800929
vt 0.170788 0.781144
vt 0.159073 0.761661
vt 0.147974 0.744675
vt 0.134864 0.720581
vt 0.167287 0.689091
vt 0.192893 0.685204
vt 0.149196 0.689334
vt 0.200184 0.600356
vt 0.213214 0.578337
vt 0.232522 0.587597
vt 0.217276 0.613541
vt 0.188682 0.592717
vt 0.201105 0.570335
vt 0.237983 0.915671
vt 0.248604 0.906142
vt 0.260863 0.922681
vt 0.248323 0.929699
vt 0.229767 0.895361
vt 0.215825 0.909980
vt 0.201725 0.885560
vt 0.207023 0.878846
vt 0.188132 0.859954
vt 0.181421 0.868424
vt 0.374232 0.095096
vt 0.350544 0.097727
vt 0.324653 0.093521
vt 0.386494 0.090332
vt 0.399145 0.081589
vt 0.394887 0.087071
vt 0.402393 0.039084
vt 0.403754 0.012797
vt 0.403195 0.062689
vt 0.403771 0.075632
vt 0.434289 0.079276
vt 0.430876 0.067045
vt 0.450274 0.058800
vt 0.456826 0.074584
vt 0.421918 0.080701
vt 0.416841 0.070833
vt 0.242324 0.882174
vt 0.216743 0.868337
vt 0.198716 0.849689
vt 0.272021 0.895416
vt 0.291180 0.912501
vt 0.275663 0.933120
vt 0.290511 0.946742
vt 0.253986 0.942267
vt 0.265058 0.962012
vt 0.239298 0.971006
vt 0.229213 0.948493
vt 0.227804 0.937499
vt 0.182484 0.833002
vt 0.165030 0.813714
vt 0.148418 0.793459
vt 0.134017 0.772269
vt 0.167689 0.846859
vt 0.147333 0.828725
vt 0.127250 0.808677
vt 0.155814 0.861876
vt 0.176766 0.875903
vt 0.130653 0.845396
vt 0.177050 0.626121
vt 0.152791 0.652818
vt 0.141616 0.643679
vt 0.167887 0.616409
vt 0.128681 0.682171
vt 0.115068 0.673948
vt 0.106090 0.715065
vt 0.090668 0.707389
vt 0.088375 0.746377
vt 0.072058 0.740962
vt 0.074259 0.780562
vt 0.056426 0.776513
vt 0.062557 0.816153
vt 0.045161 0.813563
vt 0.166045 0.664603
vt 0.112017 0.753458
vt 0.095401 0.783438
vt 0.115860 0.792674
vt 0.082505 0.819716
vt 0.054601 0.849949
vt 0.038830 0.848063
vt 0.025991 0.913744
vt 0.038872 0.915188
vt 0.028202 0.945256
vt 0.015940 0.940298
vt 0.073429 0.854505
vt 0.057080 0.924091
vt 0.046747 0.954035
vt 0.106878 0.825697
vt 0.097052 0.860926
vt 0.464864 0.046886
vt 0.472767 0.063426
vt 0.482626 0.076479
vt 0.151541 0.879540
vt 0.176619 0.887272
vt 0.171988 0.900362
vt 0.124071 0.869204
vt 0.119921 0.894513
vt 0.150883 0.902826
vt 0.092027 0.897016
vt 0.066295 0.889335
vt 0.048040 0.882031
vt 0.034911 0.880539
vt 0.077773 0.930864
vt 0.067731 0.963755
vt 0.108203 0.939871
vt 0.101403 0.976066
vt 0.139905 0.948147
vt 0.139549 0.982347
vt 0.116023 0.911913
vt 0.174248 0.952421
vt 0.177742 0.981914
vt 0.209329 0.977555
vt 0.203729 0.952468
vt 0.143329 0.923286
vt 0.167203 0.919856
vt 0.200865 0.940358
vt 0.439021 0.035834
vt 0.455834 0.022293
vt 0.413645 0.062006
vt 0.424827 0.050805
vt 0.407105 0.071031
vt 0.410751 0.074478
vt 0.415631 0.042917
vt 0.420232 0.028109
vt 0.423422 0.010162
vt 0.436443 0.017177
vt 0.285315 0.771466
vt 0.283439 0.766069
vt 0.283349 0.778693
vt 0.276020 0.779810
vt 0.269784 0.775060
vt 0.268108 0.767154
vt 0.269527 0.761473
vt 0.275733 0.760605
vt 0.280920 0.761874
vt 0.276409 0.768780
vt 0.199276 0.668870
vt 0.191803 0.639095
vt 0.766050 0.278973
vt 0.763128 0.286107
vt 0.755855 0.284510
vt 0.757678 0.275956
vt 0.753264 0.292779
vt 0.763003 0.294048
vt 0.762888 0.300425
vt 0.752370 0.300160
vt 0.764445 0.307387
vt 0.753190 0.309984
vt 0.760342 0.268510
vt 0.768195 0.272022
vt 0.764624 0.261659
vt 0.771257 0.265066
vt 0.774742 0.256842
vt 0.766917 0.251702
vt 0.780478 0.247627
vt 0.766151 0.314974
vt 0.756004 0.315766
vt 0.743364 0.294617
vt 0.745526 0.283473
vt 0.745908 0.305788
vt 0.749552 0.272740
vt 0.755434 0.260536
vt 0.778781 0.266764
vt 0.776967 0.273562
vt 0.774757 0.280950
vt 0.772319 0.287677
vt 0.771033 0.293950
vt 0.780924 0.259634
vt 0.771349 0.301531
vt 0.771340 0.307251
vt 0.772430 0.314184
vt 0.778786 0.302011
vt 0.778491 0.308525
vt 0.778524 0.313942
vt 0.779483 0.295305
vt 0.780831 0.289693
vt 0.783230 0.282398
vt 0.784774 0.274300
vt 0.785645 0.268285
vt 0.773861 0.322645
vt 0.780856 0.321158
vt 0.766935 0.323372
vt 0.754442 0.323413
vt 0.781306 0.332582
vt 0.774803 0.333473
vt 0.767858 0.333550
vt 0.759259 0.333583
vt 0.789752 0.294060
vt 0.793643 0.283213
vt 0.793416 0.271584
vt 0.785564 0.312664
vt 0.788798 0.321228
vt 0.788936 0.331064
vt 0.786048 0.260512
vt 0.794006 0.260995
vt 0.786279 0.252897
vt 0.791348 0.255645
vt 0.707113 0.332792
vt 0.712637 0.323094
vt 0.716574 0.337029
vt 0.710253 0.344096
vt 0.725067 0.330548
vt 0.720164 0.315724
vt 0.732477 0.325392
vt 0.727964 0.310990
vt 0.736821 0.310179
vt 0.743933 0.321148
vt 0.788612 0.304892
vt 0.841632 0.786353
vt 0.831232 0.775985
vt 0.853855 0.764114
vt 0.861641 0.779069
vt 0.814207 0.786884
vt 0.826075 0.796125
vt 0.812751 0.808300
vt 0.798880 0.801344
vt 0.801646 0.822201
vt 0.787294 0.817793
vt 0.883449 0.763915
vt 0.883960 0.776085
vt 0.914975 0.765327
vt 0.912666 0.781679
vt 0.455248 0.408513
vt 0.460392 0.424141
vt 0.443333 0.423715
vt 0.442453 0.402053
vt 0.463093 0.399017
vt 0.478405 0.418322
vt 0.446301 0.376445
vt 0.464625 0.445568
vt 0.445383 0.445661
vt 0.482317 0.446367
vt 0.850823 0.796913
vt 0.835729 0.804989
vt 0.824432 0.815592
vt 0.814340 0.828748
vt 0.792900 0.838428
vt 0.779481 0.832508
vt 0.806263 0.844707
vt 0.868382 0.791358
vt 0.888308 0.789707
vt 0.519339 0.430873
vt 0.503017 0.438221
vt 0.500229 0.420738
vt 0.516047 0.418654
vt 0.524411 0.443657
vt 0.508571 0.453589
vt 0.800105 0.858797
vt 0.786476 0.851394
vt 0.773585 0.844644
vt 0.531617 0.412744
vt 0.534312 0.422382
vt 0.538082 0.434384
vt 0.545384 0.403149
vt 0.548515 0.411594
vt 0.551285 0.424958
vt 0.555456 0.391245
vt 0.564280 0.399593
vt 0.566107 0.414624
vt 0.908647 0.794397
vt 0.847730 0.815996
vt 0.837894 0.825882
vt 0.826742 0.837918
vt 0.820210 0.854516
vt 0.816950 0.870749
vt 0.859044 0.808281
vt 0.875295 0.803624
vt 0.889104 0.804751
vt 0.581980 0.408327
vt 0.579471 0.395788
vt 0.598766 0.391162
vt 0.596998 0.406483
vt 0.617468 0.401993
vt 0.609269 0.411712
vt 0.618104 0.420377
vt 0.628319 0.416772
vt 0.634169 0.433195
vt 0.621785 0.435995
vt 0.631653 0.453531
vt 0.619969 0.451108
vt 0.624549 0.470778
vt 0.612397 0.461549
vt 0.613073 0.484960
vt 0.602727 0.474685
vt 0.590226 0.488201
vt 0.599379 0.499527
vt 0.584539 0.515768
vt 0.573097 0.501548
vt 0.568253 0.528256
vt 0.556219 0.511569
vt 0.548816 0.535658
vt 0.538673 0.519305
vt 0.526780 0.543486
vt 0.521277 0.526109
vt 0.501787 0.542747
vt 0.504515 0.528031
vt 0.523648 0.559091
vt 0.497439 0.554589
vt 0.478422 0.532977
vt 0.493011 0.523994
vt 0.472853 0.548174
vt 0.454484 0.519724
vt 0.448778 0.539039
vt 0.424854 0.529963
vt 0.427540 0.511754
vt 0.403066 0.522356
vt 0.404610 0.505606
vt 0.381894 0.517138
vt 0.382252 0.500501
vt 0.357436 0.509615
vt 0.358166 0.496276
vt 0.470980 0.514204
vt 0.486514 0.509299
vt 0.468029 0.491000
vt 0.485194 0.491223
vt 0.469553 0.465272
vt 0.486495 0.473846
vt 0.493797 0.462841
vt 0.447300 0.467506
vt 0.448760 0.492071
vt 0.917308 0.382331
vt 0.925457 0.366215
vt 0.936580 0.371006
vt 0.931444 0.388489
vt 0.922005 0.405781
vt 0.908508 0.399110
vt 0.910170 0.420009
vt 0.900663 0.413808
vt 0.897552 0.425375
vt 0.885316 0.410978
vt 0.880104 0.424966
vt 0.933293 0.357087
vt 0.913170 0.356631
vt 0.923378 0.342097
vt 0.903187 0.375293
vt 0.893519 0.394009
vt 0.867763 0.408926
vt 0.861276 0.423540
vt 0.898563 0.346300
vt 0.910496 0.328274
vt 0.888442 0.368975
vt 0.877739 0.389556
vt 0.851513 0.406517
vt 0.844554 0.421663
vt 0.862321 0.385128
vt 0.872894 0.364734
vt 0.882429 0.346052
vt 0.889839 0.331714
vt 0.897317 0.314806
vt 0.877292 0.320733
vt 0.883065 0.303134
vt 0.862410 0.310080
vt 0.867189 0.291981
vt 0.868136 0.339607
vt 0.853947 0.331944
vt 0.858361 0.359109
vt 0.844714 0.352501
vt 0.847727 0.379676
vt 0.835115 0.372245
vt 0.834542 0.402137
vt 0.827712 0.419407
vt 0.807615 0.418566
vt 0.812313 0.402210
vt 0.946709 0.779521
vt 0.939347 0.794798
vt 0.933977 0.808102
vt 0.562622 0.378653
vt 0.572755 0.386577
vt 0.569081 0.365927
vt 0.584471 0.374566
vt 0.780119 0.862539
vt 0.766912 0.853449
vt 0.847349 0.303208
vt 0.853958 0.283056
vt 0.840552 0.325449
vt 0.835215 0.284990
vt 0.832990 0.300535
vt 0.831754 0.346318
vt 0.819324 0.340934
vt 0.827508 0.320197
vt 0.822690 0.365472
vt 0.787719 0.418343
vt 0.788349 0.404317
vt 0.770062 0.406437
vt 0.769634 0.418387
vt 0.752465 0.406847
vt 0.753427 0.418044
vt 0.811040 0.359366
vt 0.738699 0.419256
vt 0.736879 0.407647
vt 0.720706 0.411481
vt 0.722299 0.425355
vt 0.840157 0.246179
vt 0.845057 0.260164
vt 0.831329 0.259276
vt 0.826856 0.245439
vt 0.833679 0.271035
vt 0.846202 0.271582
vt 0.820440 0.283575
vt 0.819733 0.270462
vt 0.818825 0.297760
vt 0.814843 0.315435
vt 0.807951 0.335851
vt 0.800049 0.353358
vt 0.824554 0.389991
vt 0.812056 0.382002
vt 0.801450 0.375154
vt 0.791496 0.367580
vt 0.798887 0.394382
vt 0.787708 0.387267
vt 0.778831 0.379546
vt 0.774514 0.396095
vt 0.754209 0.395686
vt 0.767256 0.388258
vt 0.733447 0.397384
vt 0.718060 0.399681
vt 0.817372 0.258159
vt 0.816067 0.243875
vt 0.548979 0.547942
vt 0.548166 0.563396
vt 0.603023 0.558819
vt 0.624037 0.564167
vt 0.617123 0.579576
vt 0.596083 0.573839
vt 0.572717 0.568087
vt 0.574222 0.550168
vt 0.591621 0.533029
vt 0.610573 0.539801
vt 0.631578 0.547168
vt 0.606217 0.516509
vt 0.620501 0.524359
vt 0.639057 0.528797
vt 0.626201 0.500486
vt 0.645859 0.510162
vt 0.638209 0.477489
vt 0.653549 0.485181
vt 0.659373 0.459185
vt 0.645310 0.455923
vt 0.662201 0.433755
vt 0.646966 0.433637
vt 0.642688 0.413934
vt 0.661817 0.412315
vt 0.633912 0.391898
vt 0.658058 0.387069
vt 0.614857 0.378122
vt 0.598792 0.356807
vt 0.630798 0.371579
vt 0.653168 0.368171
vt 0.621012 0.344470
vt 0.643448 0.339705
vt 0.573458 0.350530
vt 0.572152 0.337047
vt 0.593830 0.331823
vt 0.631368 0.312980
vt 0.613665 0.323713
vt 0.603964 0.301348
vt 0.620405 0.292702
vt 0.584288 0.311075
vt 0.565021 0.320372
vt 0.904296 0.810240
vt 0.926096 0.824019
vt 0.777852 0.924021
vt 0.783183 0.927352
vt 0.781390 0.931695
vt 0.774127 0.930444
vt 0.788067 0.934408
vt 0.789693 0.928027
vt 0.796805 0.928803
vt 0.795064 0.935512
vt 0.802573 0.928159
vt 0.804352 0.937995
vt 0.766932 0.928569
vt 0.771060 0.921926
vt 0.760671 0.924587
vt 0.765058 0.918374
vt 0.756975 0.914484
vt 0.751014 0.922240
vt 0.742657 0.916382
vt 0.749411 0.909154
vt 0.810246 0.926458
vt 0.812349 0.935145
vt 0.788912 0.943108
vt 0.779706 0.941402
vt 0.798111 0.941947
vt 0.770692 0.938212
vt 0.759063 0.933623
vt 0.767284 0.911414
vt 0.773191 0.913865
vt 0.780175 0.917787
vt 0.785519 0.920527
vt 0.791074 0.922488
vt 0.761114 0.908625
vt 0.797906 0.923010
vt 0.802563 0.922740
vt 0.809376 0.920786
vt 0.798142 0.916261
vt 0.804025 0.915951
vt 0.809120 0.915304
vt 0.793145 0.915740
vt 0.787578 0.913422
vt 0.782084 0.910882
vt 0.775306 0.907674
vt 0.769348 0.905420
vt 0.817673 0.918335
vt 0.815500 0.911503
vt 0.819075 0.924864
vt 0.820175 0.935577
vt 0.826942 0.909172
vt 0.828387 0.915797
vt 0.829368 0.923012
vt 0.830413 0.933172
vt 0.793337 0.904348
vt 0.785913 0.900079
vt 0.778904 0.897230
vt 0.772219 0.896080
vt 0.808258 0.906986
vt 0.815607 0.902228
vt 0.824591 0.899856
vt 0.762565 0.904258
vt 0.764517 0.895838
vt 0.754353 0.903215
vt 0.757275 0.895740
vt 0.822183 0.984983
vt 0.813359 0.977779
vt 0.827373 0.976183
vt 0.832913 0.983580
vt 0.822320 0.966559
vt 0.807990 0.969464
vt 0.805557 0.961788
vt 0.820716 0.958025
vt 0.806712 0.953972
vt 0.817967 0.947472
vt 0.806320 0.945387
vt 0.801519 0.907039
vt 0.426760 0.489198
vt 0.360822 0.479416
vt 0.383266 0.481980
vt 0.405073 0.485631
vt 0.361605 0.460052
vt 0.384055 0.461803
vt 0.405214 0.464241
vt 0.426162 0.466532
vt 0.425534 0.444447
vt 0.405480 0.442560
vt 0.385566 0.440476
vt 0.365991 0.438226
vt 0.365278 0.415428
vt 0.385907 0.418587
vt 0.405615 0.420563
vt 0.425007 0.422222
vt 0.363817 0.396361
vt 0.385585 0.397086
vt 0.405359 0.398138
vt 0.424782 0.399370
vt 0.363163 0.372413
vt 0.386339 0.374717
vt 0.404746 0.375034
vt 0.425160 0.374514
vt 0.380231 0.350809
vt 0.398721 0.351677
vt 0.419897 0.348443
vt 0.435458 0.345065
vt 0.819070 0.136430
vt 0.823923 0.129469
vt 0.832682 0.146518
vt 0.839176 0.139802
vt 0.851383 0.154324
vt 0.843059 0.161610
vt 0.858453 0.168799
vt 0.848627 0.175269
vt 0.866898 0.186300
vt 0.853908 0.192049
vt 0.875628 0.204519
vt 0.860677 0.210867
vt 0.882456 0.219507
vt 0.867001 0.227395
vt 0.892787 0.238620
vt 0.876657 0.246486
vt 0.870818 0.161266
vt 0.861619 0.147102
vt 0.880914 0.179220
vt 0.890261 0.196829
vt 0.897391 0.212414
vt 0.908743 0.232063
vt 0.848837 0.131673
vt 0.829401 0.122166
vt 0.825171 0.109488
vt 0.843943 0.114499
vt 0.858897 0.124153
vt 0.872661 0.140320
vt 0.884887 0.154902
vt 0.897741 0.170546
vt 0.909505 0.184887
vt 0.919719 0.202042
vt 0.931503 0.219974
vt 0.941913 0.189209
vt 0.952350 0.204356
vt 0.925803 0.172765
vt 0.912263 0.160397
vt 0.898560 0.146588
vt 0.910351 0.138917
vt 0.923050 0.149357
vt 0.936927 0.160316
vt 0.953414 0.174269
vt 0.967855 0.186440
vt 0.885051 0.132903
vt 0.895239 0.126174
vt 0.873481 0.118333
vt 0.827293 0.099982
vt 0.849289 0.105812
vt 0.893687 0.115129
vt 0.962259 0.157723
vt 0.980071 0.163474
vt 0.986884 0.136064
vt 0.965179 0.134585
vt 0.966634 0.112699
vt 0.986179 0.111248
vt 0.963790 0.092925
vt 0.980408 0.087651
vt 0.944268 0.149040
vt 0.928335 0.141551
vt 0.948751 0.132264
vt 0.930527 0.129892
vt 0.948384 0.114236
vt 0.930978 0.113864
vt 0.945664 0.096730
vt 0.928642 0.099032
vt 0.912639 0.127207
vt 0.912535 0.114074
vt 0.910836 0.101059
vt 0.892529 0.102747
vt 0.872923 0.104035
vt 0.968900 0.062844
vt 0.953580 0.072320
vt 0.939544 0.079451
vt 0.923904 0.084526
vt 0.907610 0.088145
vt 0.890963 0.090449
vt 0.873332 0.091407
vt 0.854670 0.092624
vt 0.954188 0.043846
vt 0.940379 0.055962
vt 0.928439 0.065195
vt 0.916259 0.072273
vt 0.904225 0.076402
vt 0.925367 0.041252
vt 0.933904 0.028318
vt 0.914364 0.052056
vt 0.902598 0.066089
vt 0.888782 0.079106
vt 0.872541 0.079977
vt 0.886093 0.067280
vt 0.870329 0.068697
vt 0.903064 0.030993
vt 0.910240 0.016984
vt 0.898581 0.045115
vt 0.884436 0.012285
vt 0.883328 0.027033
vt 0.883569 0.041061
vt 0.867935 0.041307
vt 0.865933 0.027743
vt 0.865178 0.013366
vt 0.899485 0.055817
vt 0.884215 0.055146
vt 0.869564 0.057059
vt 0.843227 0.019775
vt 0.847146 0.034231
vt 0.851097 0.049248
vt 0.853830 0.058262
vt 0.856957 0.069710
vt 0.857127 0.081401
vt 0.813206 0.065117
vt 0.809193 0.046528
vt 0.822974 0.054942
vt 0.812878 0.071604
vt 0.828623 0.067300
vt 0.822655 0.031986
vt 0.833071 0.044658
vt 0.843904 0.056634
vt 0.843920 0.071183
vt 0.843493 0.079983
vt 0.828605 0.079178
vt 0.839176 0.090647
vt 0.824366 0.088845
vt 0.811968 0.080928
vt 0.855251 0.836301
vt 0.846862 0.851444
vt 0.873698 0.822446
vt 0.917562 0.845263
vt 0.910263 0.864280
vt 0.886045 0.852568
vt 0.894640 0.831963
vt 0.949775 0.837611
vt 0.959043 0.814313
vt 0.940794 0.860793
vt 0.361231 0.350365
vt 0.376764 0.321095
vt 0.358373 0.324964
vt 0.395292 0.319057
vt 0.419926 0.319222
vt 0.974413 0.791694
vt 0.363798 0.271704
vt 0.372747 0.290774
vt 0.384189 0.266857
vt 0.392604 0.285606
vt 0.404050 0.258346
vt 0.412392 0.278614
vt 0.427374 0.272519
vt 0.419268 0.250788
vt 0.436835 0.239338
vt 0.445035 0.257886
vt 0.455835 0.223764
vt 0.463761 0.237103
vt 0.471511 0.209458
vt 0.482436 0.219165
vt 0.482429 0.188424
vt 0.497352 0.193129
vt 0.373694 0.305904
vt 0.349398 0.303943
vt 0.394444 0.303755
vt 0.416272 0.299296
vt 0.434041 0.293571
vt 0.987639 0.809036
vt 0.980047 0.831910
vt 0.456290 0.286071
vt 0.473731 0.259277
vt 0.497412 0.243715
vt 0.971938 0.860230
vt 0.960283 0.881143
vt 0.932301 0.880660
vt 0.979977 0.899475
vt 0.490337 0.263493
vt 0.843332 0.865496
vt 0.838615 0.878804
vt 0.509207 0.273688
vt 0.519978 0.248554
vt 0.506598 0.220755
vt 0.522213 0.201957
vt 0.542097 0.211787
vt 0.531385 0.226447
vt 0.563860 0.226095
vt 0.550121 0.237702
vt 0.541735 0.254659
vt 0.525534 0.272122
vt 0.536479 0.273449
vt 0.585819 0.245380
vt 0.573629 0.256009
vt 0.559466 0.268924
vt 0.591507 0.278708
vt 0.605457 0.269338
vt 0.545735 0.284146
vt 0.766858 0.873625
vt 0.758366 0.861104
vt 0.752982 0.876280
vt 0.749496 0.864835
vt 0.735525 0.880311
vt 0.734883 0.868709
vt 0.717139 0.876449
vt 0.715645 0.866557
vt 0.696491 0.873377
vt 0.693476 0.865741
vt 0.682096 0.871624
vt 0.678705 0.863982
vt 0.941870 0.915351
vt 0.932374 0.926553
vt 0.920107 0.913064
vt 0.926814 0.900164
vt 0.881997 0.868769
vt 0.905741 0.880602
vt 0.970025 0.916594
vt 0.952177 0.899227
vt 0.954158 0.932480
vt 0.942080 0.938993
vt 0.782371 0.872131
vt 0.798780 0.870715
vt 0.796199 0.886062
vt 0.774194 0.885013
vt 0.814706 0.890005
vt 0.756920 0.885677
vt 0.667923 0.870435
vt 0.667258 0.862694
vt 0.682226 0.882543
vt 0.669273 0.881853
vt 0.734240 0.893031
vt 0.716722 0.888169
vt 0.748889 0.893154
vt 0.802735 0.894940
vt 0.789158 0.891801
vt 0.837286 0.895353
vt 0.869891 0.844007
vt 0.865307 0.859616
vt 0.861998 0.886236
vt 0.861508 0.899174
vt 0.862965 0.873972
vt 0.876544 0.880279
vt 0.900316 0.898802
vt 0.878718 0.891561
vt 0.879052 0.900937
vt 0.898575 0.905433
vt 0.877386 0.913356
vt 0.860499 0.911700
vt 0.932396 0.946666
vt 0.917484 0.958323
vt 0.912819 0.944752
vt 0.925964 0.934330
vt 0.904458 0.931900
vt 0.913533 0.922846
vt 0.897923 0.917340
vt 0.893571 0.926478
vt 0.878595 0.922247
vt 0.696433 0.885338
vt 0.682303 0.892935
vt 0.667431 0.894840
vt 0.573411 0.290882
vt 0.862698 0.919779
vt 0.841648 0.909058
vt 0.415473 0.079279
vt 0.185833 0.930805
vt 0.743829 0.899700
vt 0.738750 0.907493
vt 0.729976 0.902715
vt 0.713723 0.898139
vt 0.696833 0.894380
vt 0.840484 0.976895
vt 0.843551 0.988208
vt 0.854536 0.976285
vt 0.856354 0.987967
vt 0.871708 0.973383
vt 0.875308 0.985127
vt 0.887718 0.970370
vt 0.893972 0.980476
vt 0.897316 0.967342
vt 0.908475 0.972651
vt 0.900782 0.958383
vt 0.898696 0.949929
vt 0.883356 0.960025
vt 0.868128 0.962218
vt 0.853649 0.964774
vt 0.837114 0.965671
vt 0.773311 0.889159
vt 0.762286 0.888843
vt 0.653819 0.872653
vt 0.650965 0.859957
vt 0.656442 0.882997
vt 0.556548 0.302673
vt 0.893983 0.935785
vt 0.844765 0.920413
vt 0.844371 0.932199
vt 0.863976 0.930983
vt 0.878154 0.931407
vt 0.887975 0.933069
vt 0.833204 0.945887
vt 0.847508 0.943917
vt 0.851045 0.955648
vt 0.834621 0.956517
vt 0.867045 0.954582
vt 0.881903 0.952939
vt 0.865226 0.941438
vt 0.879269 0.938967
vt 0.805191 0.296019
vt 0.801661 0.312433
vt 0.798773 0.331107
vt 0.792222 0.347799
vt 0.784118 0.361137
vt 0.772079 0.372973
vt 0.761291 0.380555
vt 0.748370 0.386281
vt 0.730962 0.387228
vt 0.715372 0.387399
vt 0.804033 0.256709
vt 0.805637 0.241524
vt 0.806363 0.270114
vt 0.806771 0.282932
vt 0.784626 0.342345
vt 0.776804 0.355634
vt 0.766743 0.365990
vt 0.755793 0.373549
vt 0.744747 0.377412
vt 0.727961 0.377408
vt 0.711114 0.375879
vt 0.795566 0.241416
vt 0.797040 0.251118
vt 0.788777 0.236501
vt 0.775126 0.242467
vt 0.782821 0.232225
vt 0.713504 0.366719
vt 0.727609 0.370269
vt 0.716957 0.358049
vt 0.750641 0.365235
vt 0.740257 0.368333
vt 0.729378 0.363428
vt 0.761794 0.358161
vt 0.771102 0.349731
vt 0.777024 0.341677
vt 0.768760 0.344696
vt 0.761063 0.346828
vt 0.745539 0.357352
vt 0.736247 0.361397
vt 0.754147 0.353624
vt 0.747559 0.336820
vt 0.737436 0.341588
vt 0.729200 0.347163
vt 0.722284 0.352862
vt 0.319550 0.078837
vt 0.413450 0.081676
vt 0.408812 0.078779
s 1
usemtl default
f 11/1/1 9/2/2 1/3/3 10/4/4
f 10/4/4 1/3/3 2/5/5 12/6/6
f 2/5/5 3/7/7 13/8/8 12/6/6
f 3/7/7 4/9/9 14/10/10 13/8/8
f 20/11/11 4/9/9 5/12/12 15/13/13
f 16/14/14 15/13/13 5/12/12 6/15/15
f 17/16/16 16/14/14 6/15/15 7/17/17
f 8/18/18 18/19/19 17/16/16 7/17/17
f 19/20/20 18/19/19 8/18/18 9/2/2
f 19/20/20 9/2/2 11/1/1 21/21/21
f 4/9/9 20/11/11 22/22/22 14/10/10
f 24/23/23 23/24/24 10/4/4 12/6/6
f 25/25/25 24/23/23 12/6/6 13/8/8
f 26/26/26 25/25/25 13/8/8 14/10/10
f 26/26/26 14/10/10 22/22/22 27/27/27
f 22/22/22 20/11/11 28/28/28 27/27/27
f 28/28/28 20/11/11 15/13/13 29/29/29
f 29/29/29 15/13/13 16/14/14 30/30/30
f 16/14/14 17/16/16 31/31/31 30/30/30
f 32/32/32 31/31/31 17/16/16 18/19/19
f 18/19/19 19/20/20 33/33/33 32/32/32
f 33/33/33 19/20/20 21/21/21 34/34/34
f 11/1/1 10/4/4 23/24/24 35/35/35
f 35/35/35 34/34/34 21/21/21 11/1/1
f 34/34/34 35/35/35 36/36/36 37/37/37
f 38/38/38 39/39/39 33/33/33 34/34/34
f 33/33/33 39/39/39 40/40/40 32/32/32
f 35/35/35 23/24/24 41/41/41 36/36/36
f 954/42/42 955/43/43 36/36/36 41/41/41
f 956/44/44 37/37/37 36/36/36 955/43/43
f 957/45/45 42/46/46 37/37/37 956/44/44
f 37/37/37 42/46/46 38/38/38 34/34/34
f 959/47/47 43/48/48 42/46/46 957/45/45
f 43/48/48 44/49/49 38/38/38 42/46/46
f 38/38/38 44/49/49 45/50/50
f 46/51/51 40/40/40 39/39/39
f 959/47/47 964/52/52 47/53/53 43/48/48
f 47/53/53 48/54/54 44/49/49 43/48/48
f 48/54/54 45/50/50 44/49/49
f 967/55/55 49/56/56 47/53/53 964/52/52
f 49/56/56 50/57/57 48/54/54 47/53/53
f 45/50/50 50/57/57 46/51/51
f 51/58/58 49/56/56 967/55/55 970/59/59
f 52/60/60 50/57/57 49/56/56 51/58/58
f 46/51/51 50/57/57 52/60/60 53/61/61
f 53/61/61 54/62/62 40/40/40 46/51/51
f 55/63/63 32/32/32 40/40/40 54/62/62
f 977/64/64 56/65/65 51/58/58 970/59/59
f 56/65/65 57/66/66 52/60/60 51/58/58
f 53/61/61 52/60/60 57/66/66 58/67/67
f 31/31/31 32/32/32 55/63/63 59/68/68
f 59/68/68 60/69/69 30/30/30 31/31/31
f 60/69/69 61/70/70 29/29/29 30/30/30
f 54/62/62 53/61/61 58/67/67 62/71/71
f 62/71/71 63/72/72 55/63/63 54/62/62
f 59/68/68 55/63/63 63/72/72 64/73/73
f 986/74/74 65/75/75 56/65/65
f 57/66/66 56/65/65 65/75/75 66/76/76
f 66/76/76 67/77/77 58/67/67 57/66/66
f 990/78/78 68/79/79 65/75/75
f 66/76/76 65/75/75 68/79/79 70/80/80
f 70/80/80 69/81/81 67/77/77 66/76/76
f 62/71/71 58/67/67 67/77/77 71/82/82
f 69/81/81 72/83/83 71/82/82 67/77/77
f 63/72/72 62/71/71 71/82/82 73/84/84
f 73/84/84 74/85/85 64/73/73 63/72/72
f 72/83/83 75/86/86 73/84/84 71/82/82
f 74/85/85 73/84/84 75/86/86 76/87/87
f 68/79/79 990/78/78 1000/88/88 77/89/89
f 70/80/80 68/79/79 77/89/89 78/90/90
f 69/81/81 70/80/80 78/90/90 72/83/83
f 60/69/69 59/68/68 64/73/73 79/91/91
f 74/85/85 80/92/92 79/91/91 64/73/73
f 76/87/87 81/93/93 80/92/92 74/85/85
f 23/24/24 24/23/23 82/94/94 41/41/41
f 83/95/95 954/42/42 41/41/41 82/94/94
f 87/96/96 86/97/97 85/98/98 84/99/99
f 89/100/100 88/101/101 85/98/98 86/97/97
f 91/102/102 90/103/103 88/101/101 89/100/100
f 90/103/103 91/102/102 1847/104/104
f 92/105/105 91/102/102 1843/106/106
f 94/107/107 96/108/108 95/109/109 93/110/110
f 95/109/109 96/108/108 98/111/111
f 99/112/112 94/107/107 91/102/102 89/100/100
f 89/100/100 86/97/97 99/112/112
f 99/112/112 100/113/113 96/108/108
f 100/113/113 99/112/112 86/97/97 87/96/96
f 96/108/108 100/113/113 98/111/111
f 77/89/89 1000/88/88 1023/114/114 101/115/115
f 101/115/115 102/116/116 78/90/90 77/89/89
f 102/116/116 75/86/86 72/83/83 78/90/90
f 1027/117/117 103/118/118 101/115/115 1023/114/114
f 102/116/116 101/115/115 103/118/118 104/119/119
f 104/119/119 76/87/87 75/86/86 102/116/116
f 105/120/120 81/93/93 76/87/87 104/119/119
f 104/119/119 103/118/118 106/121/121 105/120/120
f 1031/122/122 106/121/121 103/118/118 1027/117/117
f 107/123/123 61/70/70 60/69/69 79/91/91
f 80/92/92 108/124/124 107/123/123 79/91/91
f 81/93/93 109/125/125 108/124/124 80/92/92
f 105/120/120 106/121/121 111/126/126 110/127/127
f 1037/128/128 111/126/126 106/121/121 1031/122/122
f 112/129/129 83/95/95 82/94/94 113/130/130
f 24/23/23 113/130/130 82/94/94
f 114/131/131 113/130/130 24/23/23 25/25/25
f 115/132/132 25/25/25 26/26/26
f 116/133/133 27/27/27 28/28/28 117/134/134
f 29/29/29 61/70/70 117/134/134 28/28/28
f 118/135/135 61/70/70 107/123/123 119/136/136
f 107/123/123 108/124/124 120/137/137 119/136/136
f 121/138/138 120/137/137 108/124/124 109/125/125
f 912/139/139 109/125/125 81/93/93
f 61/70/70 118/135/135 117/134/134
f 118/135/135 127/140/140 126/141/141 117/134/134
f 118/135/135 119/136/136 128/142/142 127/140/140
f 119/136/136 120/137/137 129/143/143 128/142/142
f 120/137/137 121/138/138 130/144/144 129/143/143
f 116/133/133 117/134/134 126/141/141 131/145/145
f 133/146/146 26/26/26 27/27/27
f 134/147/147 133/146/146 27/27/27
f 135/148/148 134/147/147 116/133/133 131/145/145
f 134/147/147 135/148/148 132/149/149 133/146/146
f 133/146/146 132/149/149 136/150/150 115/132/132
f 137/151/151 114/131/131 115/132/132 136/150/150
f 114/131/131 137/151/151 138/152/152 113/130/130
f 138/152/152 139/153/153 112/129/129 113/130/130
f 138/152/152 141/154/154 140/155/155 139/153/153
f 141/154/154 138/152/152 137/151/151 142/156/156
f 142/156/156 137/151/151 136/150/150 143/157/157
f 132/149/149 144/158/158 143/157/157 136/150/150
f 135/148/148 145/159/159 144/158/158 132/149/149
f 145/159/159 135/148/148 131/145/145 146/160/160
f 146/160/160 131/145/145 126/141/141 147/161/161
f 147/161/161 126/141/141 127/140/140 148/162/162
f 148/162/162 127/140/140 128/142/142 149/163/163
f 149/163/163 128/142/142 129/143/143 150/164/164
f 150/164/164 129/143/143 130/144/144 151/165/165
f 152/166/166 130/144/144 121/138/138 122/167/167
f 130/144/144 152/166/166 153/168/168 151/165/165
f 1078/169/169 1075/170/170 155/171/171 125/172/172
f 156/173/173 155/171/171 1075/170/170 1079/174/174
f 87/175/96 84/176/99 157/177/175 158/178/176
f 159/179/177 100/180/113 87/175/96 158/178/176
f 98/181/111 100/180/113 159/179/177 160/182/178
f 161/183/179 97/184/180 98/181/111 160/182/178
f 95/109/109 164/185/181 163/186/182 93/110/110
f 165/187/183 164/185/181 95/109/109
f 162/188/184 92/105/105 1843/106/106 1844/189/185
f 166/190/186 90/103/103 1847/104/104 1848/191/187
f 168/192/188 169/193/189 84/99/99 85/98/98
f 167/194/190 168/192/188 85/98/98 88/101/101
f 90/103/103 166/190/186 167/194/190 88/101/101
f 163/195/182 164/196/181 172/197/191 171/198/192
f 162/199/184 1844/200/185 1854/201/193
f 174/202/194 143/157/157 144/158/158 173/203/195
f 173/203/195 160/182/178 159/179/177 174/202/194
f 145/159/159 175/204/196 173/203/195 144/158/158
f 175/204/196 161/183/179 160/182/178 173/203/195
f 143/157/157 174/202/194 176/205/197 142/156/156
f 174/202/194 159/179/177 158/178/176 176/205/197
f 177/206/198 141/154/154 142/156/156 176/205/197
f 176/205/197 158/178/176 157/177/175 177/206/198
f 141/154/154 177/206/198 1103/207/199 140/155/155
f 178/208/200 1103/207/199 177/206/198 157/177/175
f 1103/207/199 178/208/200 1105/209/201
f 179/210/202 178/208/200 157/177/175 84/176/99
f 178/208/200 179/210/202 1107/211/203 1105/209/201
f 181/212/204 1107/211/203 179/210/202 180/213/205
f 169/214/189 180/213/205 179/210/202 84/176/99
f 146/160/160 182/215/206 175/204/196 145/159/159
f 182/215/206 146/160/160 147/161/161 183/216/207
f 183/216/207 147/161/161 148/162/162 184/217/208
f 149/163/163 185/218/209 184/217/208 148/162/162
f 150/164/164 185/218/209 149/163/163
f 182/215/206 186/219/210 161/183/179 175/204/196
f 183/216/207 187/220/211 186/219/210 182/215/206
f 184/217/208 188/221/212 187/220/211 183/216/207
f 189/222/213 165/223/183 97/184/180 186/219/210
f 189/222/213 186/219/210 187/220/211 190/224/214
f 154/225/215 191/226/216 254/227/217 255/228/218
f 193/229/219 192/230/220 191/226/216 154/225/215
f 193/229/219 195/231/221 194/232/222 192/230/220
f 195/231/221 197/233/223 196/234/224 194/232/222
f 198/235/225 196/234/224 197/233/223 199/236/226
f 199/236/226 201/237/227 200/238/228 198/235/225
f 192/230/220 153/168/168 202/239/229 191/226/216
f 192/230/220 194/232/222 151/165/165 153/168/168
f 194/232/222 196/234/224 204/240/230 151/165/165
f 203/241/231 204/240/230 196/234/224 198/235/225
f 204/240/230 185/218/209 150/164/164
f 204/240/230 203/241/231 205/242/232 185/218/209
f 198/235/225 200/238/228 206/243/233 203/241/231
f 207/244/234 200/238/228 201/237/227 208/245/235
f 1139/246/236 209/247/237 210/248/238 1142/249/239
f 200/238/228 207/244/234 211/250/240 206/243/233
f 212/251/241 209/247/237 1139/246/236 213/252/242
f 184/217/208 185/218/209 205/242/232 188/221/212
f 214/253/243 205/242/232 203/241/231 206/243/233
f 214/253/243 188/221/212 205/242/232
f 190/224/214 187/220/211 188/221/212 214/253/243
f 206/243/233 211/250/240 215/254/244 214/253/243
f 172/197/191 164/196/181 218/255/245 217/256/246
f 164/196/181 165/257/183 218/255/245
f 219/258/247 218/259/245 165/223/183 189/222/213
f 219/258/247 217/260/246 218/259/245
f 221/261/248 219/258/247 189/222/213 190/224/214
f 222/262/249 220/263/250 219/258/247 221/261/248
f 190/224/214 214/253/243 215/254/244 221/261/248
f 215/254/244 223/264/251 222/262/249 221/261/248
f 211/250/240 224/265/252 223/264/251 215/254/244
f 207/244/234 225/266/253 224/265/252 211/250/240
f 225/266/253 207/244/234 208/245/235 226/267/254
f 209/247/237 225/266/253 226/267/254 210/248/238
f 212/251/241 224/265/252 225/266/253 209/247/237
f 216/268/255 223/264/251 224/265/252 212/251/241
f 212/251/241 213/252/242 1158/269/256 216/268/255
f 216/268/255 1158/269/256 227/270/257 228/271/258
f 229/272/259 228/271/258 227/270/257 230/273/260
f 228/271/258 231/274/261 223/264/251 216/268/255
f 233/275/262 229/272/259 230/273/260 232/276/263
f 180/213/205 234/277/264 1164/278/265 181/212/204
f 232/276/263 1164/278/265 234/277/264 233/275/262
f 229/272/259 235/279/266 231/274/261 228/271/258
f 235/279/266 220/263/250 222/262/249 231/274/261
f 236/280/267 217/260/246 220/263/250
f 235/279/266 229/272/259 233/275/262 236/280/267
f 237/281/268 234/277/264 180/213/205 169/214/189
f 238/282/269 172/197/191 217/256/246 236/283/267
f 171/198/192 239/284/270 240/285/271 170/286/272
f 166/190/186 1848/287/187 1855/288/273 1856/289/274
f 239/284/270 238/282/269 241/290/275 242/291/276
f 241/290/275 169/193/189 168/192/188
f 237/292/268 169/193/189 241/290/275 243/293/277
f 243/293/277 238/282/269 236/283/267
f 233/275/262 234/277/264 237/281/268
f 244/294/278 1/3/3 9/2/2 252/295/279
f 245/296/280 2/5/5 1/3/3 244/294/278
f 245/296/280 246/297/281 3/7/7 2/5/5
f 246/297/281 247/298/282 4/9/9 3/7/7
f 247/298/282 248/299/283 5/12/12 4/9/9
f 249/300/284 6/15/15 5/12/12 248/299/283
f 249/300/284 250/301/285 7/17/17 6/15/15
f 251/302/286 8/18/18 7/17/17 250/301/285
f 251/302/286 252/295/279 9/2/2 8/18/18
f 252/295/279 253/303/287 244/294/278
f 244/294/278 253/303/287 245/296/280
f 245/296/280 253/303/287 246/297/281
f 246/297/281 253/303/287 247/298/282
f 247/298/282 253/303/287 248/299/283
f 248/299/283 253/303/287 249/300/284
f 249/300/284 253/303/287 250/301/285
f 250/301/285 253/303/287 251/302/286
f 251/302/286 253/303/287 252/295/279
f 123/304/288 122/167/167 109/125/125
f 124/305/289 254/227/217 191/226/216 202/239/229
f 125/172/172 155/171/171 254/227/217 124/305/289
f 155/171/171 156/173/173 255/228/218 254/227/217
f 125/172/172 111/126/126 1037/128/128 1078/169/169
f 110/127/127 111/126/126 125/172/172 124/305/289
f 123/304/288 110/127/127 124/305/289 202/239/229
f 152/166/166 122/167/167 123/304/288 202/239/229
f 153/168/168 152/166/166 202/239/229
f 256/306/290 257/307/291 259/308/292 258/309/293
f 261/310/294 260/311/295 258/309/293 259/308/292
f 260/311/295 261/310/294 263/312/296 262/313/297
f 264/314/298 262/313/297 263/312/296 265/315/299
f 257/307/291 256/306/290 266/316/300 267/317/301
f 267/317/301 266/316/300 268/318/302 269/319/303
f 269/319/303 270/320/304 271/321/305
f 271/321/305 270/320/304 272/322/306
f 265/315/299 275/323/307 274/324/308 264/314/298
f 261/310/294 259/308/292 276/325/309 277/326/310
f 263/312/296 261/310/294 277/326/310 278/327/311
f 265/315/299 263/312/296 278/327/311
f 257/307/291 279/328/312 276/325/309 259/308/292
f 267/317/301 280/329/313 279/328/312 257/307/291
f 268/318/302 266/316/300 282/330/314 281/331/315
f 283/332/316 282/330/314 266/316/300 256/306/290
f 256/306/290 258/309/293 284/333/317 283/332/316
f 260/311/295 285/334/318 284/333/317 258/309/293
f 268/318/302 281/331/315 286/335/319
f 285/334/318 260/311/295 262/313/297 287/336/320
f 287/336/320 262/313/297 264/314/298 288/337/321
f 274/324/308 289/338/322 288/337/321 264/314/298
f 288/337/321 292/339/323 291/340/324 287/336/320
f 289/338/322 293/341/325 292/339/323 288/337/321
f 287/336/320 291/340/324 294/342/326 285/334/318
f 285/334/318 294/342/326 290/343/327 284/333/317
f 283/332/316 284/333/317 290/343/327 295/344/328
f 282/330/314 283/332/316 295/344/328 296/345/329
f 296/345/329 297/346/330 281/331/315 282/330/314
f 299/347/331 298/348/332 293/341/325 289/338/322
f 274/324/308 300/349/333 299/347/331 289/338/322
f 300/349/333 274/324/308 275/323/307 853/350/334
f 301/351/335 298/348/332 299/347/331 302/352/336
f 302/352/336 299/347/331 300/349/333 303/353/337
f 300/349/333 853/350/334 304/354/338 303/353/337
f 294/342/326 306/355/339 290/343/327
f 295/344/328 290/343/327 306/355/339 307/356/340
f 307/356/340 308/357/341 296/345/329 295/344/328
f 308/357/341 297/346/330 296/345/329
f 298/348/332 309/358/342 305/359/343 293/341/325
f 310/360/344 309/358/342 298/348/332 301/351/335
f 281/331/315 297/346/330 311/361/345
f 312/362/346 311/361/345 297/346/330 308/357/341
f 313/363/347 272/322/306 270/320/304
f 314/364/348 311/361/345 312/362/346
f 286/335/319 311/361/345 313/363/347
f 271/365/305 273/366/349 315/367/350 280/368/313
f 316/369/351 279/370/312 280/368/313 315/367/350
f 279/370/312 316/369/351 317/371/352 276/372/309
f 277/373/310 276/372/309 317/371/352 318/374/353
f 318/374/353 853/350/334 278/327/311 277/373/310
f 319/375/354 306/355/339 294/342/326 291/340/324
f 319/375/354 291/340/324 292/339/323 305/359/343
f 293/341/325 305/359/343 292/339/323
f 324/376/355 347/377/356 348/378/357 326/379/358
f 325/380/359 328/381/360 329/382/361 327/383/362
f 331/384/363 329/382/361 328/381/360 330/385/364
f 332/386/365 324/376/355 326/379/358 333/387/366
f 322/388/367 332/386/365 333/387/366 334/389/368
f 336/390/369 321/391/370 320/392/371 335/393/372
f 324/394/355 332/395/365 336/390/369
f 336/390/369 332/395/365 322/396/367
f 338/397/373 337/398/374 335/393/372 320/392/371
f 337/398/374 339/399/375 324/394/355 335/393/372
f 348/378/357 327/383/362 340/400/376 349/401/377
f 342/402/378 340/400/376 327/383/362 329/382/361
f 329/382/361 331/384/363 343/403/379 342/402/378
f 330/385/364 344/404/380 345/405/381 331/384/363
f 331/384/363 345/405/381 346/406/382 343/403/379
f 327/383/362 348/378/357 347/377/356 325/380/359
f 326/379/358 348/378/357 349/401/377 341/407/383
f 341/407/383 350/408/384 333/387/366 326/379/358
f 355/409/385 325/410/359 347/411/356 354/412/386
f 354/412/386 351/413/387 352/414/388 355/409/385
f 347/411/356 324/394/355 339/399/375 354/412/386
f 345/405/381 359/415/389 360/416/390 346/406/382
f 344/404/380 358/417/391 359/415/389 345/405/381
f 325/410/359 355/409/385 357/418/392 328/419/360
f 355/409/385 352/414/388 353/420/393 357/418/392
f 328/419/360 357/418/392 361/421/394 330/422/364
f 357/418/392 353/420/393 362/423/395 361/421/394
f 330/422/364 361/421/394 363/424/396 344/425/380
f 364/426/397 363/424/396 361/421/394 362/423/395
f 334/389/368 333/387/366 350/408/384 365/427/398
f 340/400/376 342/402/378 367/428/399 366/429/400
f 342/402/378 343/403/379 368/430/401 367/428/399
f 346/406/382 369/431/402 368/430/401 343/403/379
f 360/416/390 370/432/403 369/431/402 346/406/382
f 349/401/377 340/400/376 366/429/400 371/433/404
f 341/407/383 349/401/377 371/433/404 372/434/405
f 372/434/405 373/435/406 350/408/384 341/407/383
f 374/436/407 375/437/408 363/424/396 364/426/397
f 376/438/409 377/439/410 375/437/408 374/436/407
f 379/440/411 377/439/410 376/438/409 378/441/412
f 380/442/413 381/443/414 379/440/411 378/441/412
f 382/444/415 383/445/416 381/443/414 380/442/413
f 385/446/417 383/445/416 382/444/415 384/447/418
f 386/448/419 387/449/420 385/446/417 384/447/418
f 387/449/420 386/448/419 388/450/421 389/451/422
f 390/452/423 391/453/424 389/451/422 388/450/421
f 391/453/424 390/452/423 392/454/425 393/455/426
f 395/456/427 393/455/426 392/454/425 394/457/428
f 397/458/429 395/456/427 394/457/428 396/459/430
f 396/459/430 398/460/431 399/461/432 397/458/429
f 401/462/433 399/461/432 398/460/431 400/463/434
f 401/462/433 195/464/221 193/465/219 399/461/432
f 402/466/435 403/467/436 401/462/433 400/463/434
f 197/468/223 195/464/221 401/462/433 403/467/436
f 201/469/227 199/470/226 404/471/437 406/472/438
f 208/473/235 201/469/227 406/472/438 407/474/439
f 226/475/254 208/473/235 407/474/439 408/476/440
f 210/477/238 226/475/254 408/476/440 409/478/441
f 409/478/441 1338/479/442 1142/480/239 210/477/238
f 199/470/226 197/468/223 403/467/436 404/471/437
f 405/481/443 410/482/444 403/467/436 402/466/435
f 403/467/436 410/482/444 404/471/437
f 411/483/445 410/482/444 405/481/443 412/484/446
f 414/485/447 413/486/448 411/483/445 412/484/446
f 356/487/449 339/399/375 413/486/448 414/485/447
f 339/399/375 337/398/374 413/486/448
f 337/398/374 338/397/373 415/488/450 413/486/448
f 416/489/451 404/471/437 410/482/444 411/483/445
f 415/488/450 416/489/451 411/483/445 413/486/448
f 402/490/435 417/491/452 418/492/453 405/493/443
f 412/494/446 405/493/443 418/492/453 419/495/454
f 414/496/447 412/494/446 419/495/454 420/497/455
f 420/497/455 356/498/449 414/496/447
f 421/499/456 351/500/387 356/498/449 420/497/455
f 400/501/434 417/491/452 402/490/435
f 400/501/434 398/502/431 422/503/457 417/491/452
f 417/491/452 422/503/457 423/504/458 418/492/453
f 423/504/458 424/505/459 419/495/454 418/492/453
f 424/505/459 421/499/456 420/497/455 419/495/454
f 425/506/460 352/507/388 351/500/387 421/499/456
f 398/502/431 396/508/430 426/509/461 422/503/457
f 427/510/462 423/504/458 422/503/457 426/509/461
f 427/510/462 428/511/463 424/505/459 423/504/458
f 428/511/463 425/506/460 421/499/456 424/505/459
f 429/512/464 353/513/393 352/507/388 425/506/460
f 430/514/465 429/512/464 425/506/460 428/511/463
f 431/515/466 430/514/465 428/511/463 427/510/462
f 432/516/467 431/515/466 427/510/462 426/509/461
f 433/517/468 426/509/461 396/508/430 394/518/428
f 426/509/461 433/517/468 432/516/467
f 434/519/469 433/517/468 394/518/428 392/520/425
f 435/521/470 434/519/469 392/520/425 390/522/423
f 436/523/471 432/516/467 433/517/468 434/519/469
f 434/519/469 435/521/470 437/524/472 436/523/471
f 436/523/471 438/525/473 431/515/466 432/516/467
f 436/523/471 437/524/472 439/526/474 438/525/473
f 430/514/465 431/515/466 438/525/473 440/527/475
f 440/527/475 438/525/473 439/526/474 441/528/476
f 442/529/477 362/530/395 353/513/393 429/512/464
f 362/530/395 442/529/477 443/531/478 364/532/397
f 440/527/475 442/529/477 429/512/464 430/514/465
f 334/389/368 444/533/479 323/534/480 322/388/367
f 444/533/479 334/389/368 365/427/398 445/535/481
f 344/425/380 363/424/396 446/536/482 358/537/391
f 363/424/396 375/437/408 446/536/482
f 446/536/482 448/538/483 447/539/484 358/537/391
f 449/540/485 359/415/389 358/417/391 447/541/484
f 375/437/408 377/439/410 448/538/483 446/536/482
f 450/542/486 435/521/470 390/522/423 388/543/421
f 435/521/470 450/542/486 451/544/487 437/524/472
f 452/545/488 453/546/489 450/542/486 388/543/421
f 437/524/472 451/544/487 455/547/490 439/526/474
f 454/548/491 456/549/492 455/547/490 451/544/487
f 455/547/490 457/550/493 441/528/476 439/526/474
f 364/532/397 443/531/478 459/551/494 374/552/407
f 460/553/495 376/554/409 374/552/407 459/551/494
f 376/554/409 460/553/495 461/555/496 378/556/412
f 457/550/493 455/547/490 456/549/492 458/557/497
f 462/558/498 380/559/413 378/556/412 461/555/496
f 463/560/499 382/561/415 380/559/413 462/558/498
f 382/562/415 463/563/499 464/564/500 384/565/418
f 465/566/501 386/567/419 384/565/418 464/564/500
f 386/567/419 465/566/501 452/545/488 388/543/421
f 467/568/502 452/545/488 465/566/501 466/569/503
f 467/568/502 469/570/504 453/546/489 452/545/488
f 469/570/504 468/571/505 454/548/491 453/546/489
f 456/549/492 454/548/491 468/571/505 470/572/506
f 470/572/506 471/573/507 458/557/497 456/549/492
f 472/574/508 442/529/477 440/527/475 441/528/476
f 443/531/478 442/529/477 472/574/508
f 457/550/493 473/575/509 472/574/508 441/528/476
f 473/575/509 457/550/493 458/557/497 474/576/510
f 474/576/510 458/557/497 471/573/507 475/577/511
f 443/531/478 472/574/508 473/575/509 476/578/512
f 476/578/512 473/575/509 474/576/510 477/579/513
f 477/579/513 474/576/510 475/577/511 478/580/514
f 443/531/478 476/578/512 459/551/494
f 477/579/513 479/581/515 459/551/494 476/578/512
f 459/551/494 479/581/515 460/553/495
f 460/553/495 479/581/515 480/582/516 461/555/496
f 478/580/514 481/583/517 479/581/515 477/579/513
f 479/581/515 481/583/517 480/582/516
f 461/555/496 480/582/516 482/584/518 462/558/498
f 462/558/498 482/584/518 483/585/519 463/560/499
f 463/563/499 483/586/519 484/587/520 464/564/500
f 464/564/500 484/587/520 466/569/503 465/566/501
f 485/588/521 399/461/432 193/465/219 154/589/215
f 487/590/522 156/591/173 1079/592/174 1418/593/523
f 487/590/522 486/594/524 255/595/218 156/591/173
f 154/589/215 255/595/218 486/594/524 485/588/521
f 399/461/432 485/588/521 397/458/429
f 395/456/427 397/458/429 485/588/521 486/594/524
f 488/596/525 393/455/426 395/456/427 486/594/524
f 1418/593/523 1423/597/526 489/598/527 487/590/522
f 487/590/522 489/598/527 488/596/525 486/594/524
f 490/599/528 391/453/424 393/455/426 488/596/525
f 1423/597/526 1425/600/529 491/601/530 489/598/527
f 489/598/527 491/601/530 490/599/528 488/596/525
f 391/453/424 490/599/528 492/602/531 389/451/422
f 493/603/532 492/602/531 491/601/530 1425/600/529
f 1429/604/533 494/605/534 492/602/531 493/603/532
f 389/451/422 492/602/531 494/605/534 387/449/420
f 1430/606/535 495/607/536 494/605/534 1429/604/533
f 495/607/536 385/446/417 387/449/420 494/605/534
f 1432/608/537 496/609/538 495/607/536 1430/606/535
f 385/446/417 495/607/536 496/609/538 383/445/416
f 496/609/538 1432/608/537 1434/610/539 497/611/540
f 497/611/540 381/443/414 383/445/416 496/609/538
f 381/443/414 497/611/540 498/612/541 379/440/411
f 1437/613/542 498/612/541 497/611/540 1434/610/539
f 499/614/543 377/439/410 379/440/411 498/612/541
f 499/614/543 500/615/544 448/538/483 377/439/410
f 501/616/545 498/612/541 1437/613/542 502/617/546
f 498/612/541 501/616/545 499/614/543
f 503/618/547 500/615/544 499/614/543 501/616/545
f 1442/619/548 503/618/547 501/616/545 502/617/546
f 448/538/483 500/615/544 504/620/549 447/539/484
f 504/620/549 500/615/544 506/621/550 505/622/551
f 503/618/547 1442/619/548 1446/623/552 507/624/553
f 503/618/547 507/624/553 506/621/550 500/615/544
f 1446/623/552 508/625/554 509/626/555 507/624/553
f 510/627/556 511/628/557 505/622/551 506/621/550
f 506/621/550 507/624/553 509/626/555 510/627/556
f 373/435/406 512/629/558 365/427/398 350/408/384
f 445/535/481 365/427/398 512/629/558 513/630/559
f 517/631/560 514/632/561 515/633/562 516/634/563
f 519/635/564 518/636/565 516/634/563 515/633/562
f 518/636/565 519/635/564 520/637/566 521/638/567
f 523/639/568 521/638/567 520/637/566 522/640/569
f 514/632/561 517/631/560 524/641/570 525/642/571
f 525/642/571 524/641/570 526/643/572 527/644/573
f 529/645/574 528/646/575 527/644/573 526/643/572
f 528/646/575 529/645/574 530/647/576 531/648/577
f 522/640/569 532/649/578 533/650/579 523/639/568
f 519/635/564 515/633/562 534/651/580 535/652/581
f 520/637/566 519/635/564 535/652/581 536/653/582
f 522/640/569 520/637/566 536/653/582
f 514/632/561 537/654/583 534/651/580 515/633/562
f 525/642/571 538/655/584 537/654/583 514/632/561
f 526/643/572 524/641/570 539/656/585 540/657/586
f 541/658/587 539/656/585 524/641/570 517/631/560
f 517/631/560 516/634/563 542/659/588 541/658/587
f 518/636/565 543/660/589 542/659/588 516/634/563
f 544/661/590 529/645/574 526/643/572 540/657/586
f 543/660/589 518/636/565 521/638/567 545/662/591
f 545/662/591 521/638/567 523/639/568 546/663/592
f 547/664/593 546/663/592 523/639/568 533/650/579
f 546/663/592 549/665/594 548/666/595 545/662/591
f 547/664/593 550/667/596 549/665/594 546/663/592
f 545/662/591 548/666/595 551/668/597 543/660/589
f 543/660/589 551/668/597 552/669/598 542/659/588
f 541/658/587 542/659/588 552/669/598 553/670/599
f 539/656/585 541/658/587 553/670/599 554/671/600
f 554/671/600 555/672/601 540/657/586 539/656/585
f 557/673/602 556/674/603 550/667/596 547/664/593
f 533/650/579 558/675/604 557/673/602 547/664/593
f 558/675/604 533/650/579 532/649/578 854/676/605
f 560/677/606 556/674/603 557/673/602 559/678/607
f 559/678/607 557/673/602 558/675/604 561/679/608
f 558/675/604 854/676/605 562/680/609 561/679/608
f 551/668/597 563/681/610 552/669/598
f 564/682/611 553/670/599 552/669/598 563/681/610
f 564/682/611 565/683/612 554/671/600 553/670/599
f 555/672/601 554/671/600 565/683/612 566/684/613
f 556/674/603 567/685/614 568/686/615 550/667/596
f 567/685/614 556/674/603 560/677/606 569/687/616
f 555/672/601 570/688/617 544/661/590 540/657/586
f 566/684/613 571/689/618 570/688/617 555/672/601
f 573/690/619 530/647/576 529/645/574 544/661/590
f 570/688/617 571/689/618 572/691/620 573/690/619
f 544/661/590 570/688/617 573/690/619
f 528/692/575 531/693/577 574/694/621 538/695/584
f 575/696/622 537/697/583 538/695/584 574/694/621
f 534/698/580 537/697/583 575/696/622 576/699/623
f 535/700/581 534/698/580 576/699/623 577/701/624
f 577/701/624 854/676/605 536/702/582 535/700/581
f 578/703/625 563/681/610 551/668/597 548/666/595
f 578/703/625 548/666/595 549/665/594 568/686/615
f 550/667/596 568/686/615 549/665/594
f 416/489/451 579/704/626 406/472/438 404/471/437
f 1520/705/627 1338/479/442 409/478/441 582/706/628
f 581/707/629 582/706/628 409/478/441 408/476/440
f 408/476/440 407/474/439 580/708/630 581/707/629
f 579/704/626 580/708/630 407/474/439 406/472/438
f 582/706/628 583/709/631 1525/710/632 1520/705/627
f 584/711/633 583/709/631 582/706/628 581/707/629
f 581/707/629 580/708/630 585/712/634 584/711/633
f 580/708/630 579/704/626 586/713/635 585/712/634
f 415/488/450 586/713/635 579/704/626 416/489/451
f 586/713/635 415/488/450 338/397/373 590/714/636
f 585/712/634 586/713/635 590/714/636 589/715/637
f 589/715/637 588/716/638 584/711/633 585/712/634
f 587/717/639 583/709/631 584/711/633 588/716/638
f 583/709/631 587/717/639 1533/718/640 1525/710/632
f 1533/718/640 587/717/639 594/719/641 595/720/642
f 587/717/639 588/716/638 593/721/643 594/719/641
f 588/716/638 589/715/637 592/722/644 593/721/643
f 591/723/645 592/722/644 589/715/637 590/714/636
f 590/714/636 338/397/373 320/392/371 591/723/645
f 599/724/646 600/725/647 595/720/642 594/719/641
f 598/726/648 599/724/646 594/719/641 593/721/643
f 593/721/643 592/722/644 597/727/649 598/726/648
f 596/728/650 597/727/649 592/722/644 591/723/645
f 591/723/645 320/392/371 321/391/370 596/728/650
f 600/725/647 599/724/646 604/729/651 605/730/652
f 603/731/653 604/729/651 599/724/646 598/726/648
f 598/726/648 597/727/649 602/732/654 603/731/653
f 601/733/655 602/732/654 597/727/649 596/728/650
f 596/728/650 321/391/370 322/396/367 601/733/655
f 603/731/653 602/732/654 607/734/656 608/735/657
f 606/736/658 607/734/656 602/732/654 601/733/655
f 323/737/480 606/736/658 601/733/655 322/396/367
f 612/738/659 613/739/660 611/740/661 610/741/662
f 615/742/663 614/743/664 613/739/660 612/738/659
f 617/744/665 614/743/664 615/742/663 616/745/666
f 619/746/667 617/744/665 616/745/666 618/747/668
f 621/748/669 619/746/667 618/747/668 620/749/670
f 620/749/670 622/750/671 623/751/672 621/748/669
f 622/750/671 624/752/673 625/753/674 623/751/672
f 626/754/675 1563/755/676 625/753/674 624/752/673
f 630/756/677 631/757/678 617/744/665 619/746/667
f 619/746/667 621/748/669 629/758/679 630/756/677
f 628/759/680 629/758/679 621/748/669 623/751/672
f 623/751/672 625/753/674 627/760/681 628/759/680
f 627/760/681 625/753/674 1563/755/676 1569/761/682
f 617/744/665 631/757/678 632/762/683 614/743/664
f 614/743/664 632/762/683 633/763/684 613/739/660
f 634/764/685 611/740/661 613/739/660 633/763/684
f 634/764/685 633/763/684 635/765/686 636/766/687
f 637/767/688 633/763/684 632/762/683 638/768/689
f 633/763/684 637/767/688 635/765/686
f 638/768/689 632/762/683 631/757/678 639/769/690
f 630/756/677 640/770/691 639/769/690 631/757/678
f 640/770/691 630/756/677 629/758/679 641/771/692
f 642/772/693 641/771/692 629/758/679 628/759/680
f 628/759/680 627/760/681 643/773/694 642/772/693
f 1569/761/682 1580/774/695 643/773/694 627/760/681
f 644/775/696 645/776/697 643/773/694 1580/774/695
f 645/776/697 646/777/698 642/772/693 643/773/694
f 647/778/699 641/771/692 642/772/693 646/777/698
f 641/771/692 647/778/699 648/779/700 640/770/691
f 653/780/701 648/779/700 647/778/699 652/781/702
f 651/782/703 652/781/702 647/778/699 646/777/698
f 650/783/704 651/782/703 646/777/698 645/776/697
f 645/776/697 644/775/696 649/784/705 650/783/704
f 640/770/691 648/779/700 654/785/706 639/769/690
f 655/786/707 654/785/706 648/779/700 653/780/701
f 656/787/708 638/768/689 639/769/690 654/785/706
f 655/786/707 656/787/708 654/785/706
f 635/765/686 658/788/709 657/789/710 636/766/687
f 658/788/709 635/765/686 637/767/688 659/790/711
f 638/768/689 656/787/708 659/790/711 637/767/688
f 656/787/708 655/786/707 660/791/712
f 650/783/704 649/784/705 1595/792/713 662/793/714
f 662/793/714 1595/792/713 1597/794/715 663/795/716
f 1597/794/715 1600/796/717 664/797/718 663/795/716
f 665/798/719 664/797/718 1600/796/717 1601/799/720
f 662/793/714 666/800/721 651/782/703 650/783/704
f 666/800/721 667/801/722 652/781/702 651/782/703
f 666/800/721 662/793/714 663/795/716 668/802/723
f 668/802/723 669/803/724 667/801/722 666/800/721
f 668/802/723 663/795/716 664/797/718 670/804/725
f 669/803/724 668/802/723 670/804/725 671/805/726
f 665/798/719 672/806/727 670/804/725 664/797/718
f 671/805/726 670/804/725 672/806/727 673/807/728
f 669/803/724 661/808/729 653/780/701 667/801/722
f 661/808/729 655/786/707 653/780/701
f 655/786/707 661/808/729 674/809/730 660/791/712
f 671/805/726 674/809/730 661/808/729 669/803/724
f 673/807/728 675/810/731 674/809/730 671/805/726
f 675/810/731 676/811/732 660/791/712 674/809/730
f 676/811/732 677/812/733 656/787/708 660/791/712
f 677/812/733 659/790/711 656/787/708
f 1616/813/734 678/814/735 665/798/719 1601/799/720
f 672/806/727 665/798/719 678/814/735 679/815/736
f 673/807/728 672/806/727 679/815/736 680/816/737
f 680/816/737 681/817/738 675/810/731 673/807/728
f 681/817/738 682/818/739 676/811/732 675/810/731
f 682/818/739 683/819/740 677/812/733 676/811/732
f 677/812/733 683/819/740 684/820/741 659/790/711
f 678/814/735 1616/813/734 1624/821/742 685/822/743
f 685/822/743 686/823/744 679/815/736 678/814/735
f 680/816/737 679/815/736 686/823/744 687/824/745
f 687/824/745 688/825/746 681/817/738 680/816/737
f 1624/821/742 689/826/747 690/827/748 685/822/743
f 686/823/744 685/822/743 690/827/748 691/828/749
f 691/828/749 692/829/750 687/824/745
f 682/818/739 681/817/738 688/825/746 693/830/751
f 683/819/740 682/818/739 693/830/751 694/831/752
f 688/825/746 687/824/745 692/829/750
f 693/830/751 688/825/746 692/829/750 695/832/753
f 695/832/753 696/833/754 694/831/752 693/830/751
f 690/827/748 689/826/747 1636/834/755 697/835/756
f 691/828/749 690/827/748 697/835/756 698/836/757
f 1639/837/758 699/838/759 697/835/756 1636/834/755
f 697/835/756 699/838/759 700/839/760 698/836/757
f 699/838/759 702/840/761 701/841/762 700/839/760
f 1644/842/763 702/840/761 699/838/759 1639/837/758
f 691/828/749 703/843/764 692/829/750
f 704/844/765 703/843/764 698/836/757 700/839/760
f 705/845/766 704/844/765 700/839/760 701/841/762
f 696/833/754 695/832/753 704/844/765 705/845/766
f 703/843/764 704/844/765 695/832/753 692/829/750
f 702/840/761 1644/842/763 1648/846/767 707/847/768
f 707/847/768 706/848/769 701/841/762 702/840/761
f 701/841/762 706/848/769 708/849/770 705/845/766
f 705/845/766 708/849/770 709/850/771 696/833/754
f 710/851/772 694/831/752 696/833/754 709/850/771
f 710/851/772 684/820/741 683/819/740 694/831/752
f 711/852/773 1654/853/774 713/854/775 712/855/776
f 713/854/775 715/856/777 714/857/778
f 713/854/775 1654/853/774 716/858/779
f 712/855/776 718/859/780 717/860/781 711/852/773
f 707/847/768 1648/846/767 717/860/781 718/859/780
f 706/848/769 707/847/768 718/859/780 719/861/782
f 718/859/780 712/855/776 714/857/778 719/861/782
f 708/849/770 719/861/782 720/862/783 709/850/771
f 719/861/782 714/857/778 720/862/783
f 721/863/784 710/851/772 709/850/771 720/862/783
f 722/864/785 721/863/784 720/862/783 714/857/778
f 714/857/778 715/856/777 722/864/785
f 684/820/741 710/851/772 721/863/784 723/865/786
f 723/865/786 658/788/709 659/790/711
f 722/864/785 724/866/787 723/865/786 721/863/784
f 722/864/785 715/856/777 725/867/788 724/866/787
f 724/866/787 658/788/709 723/865/786
f 657/789/710 658/788/709 724/866/787 726/868/789
f 726/868/789 724/866/787 725/867/788
f 1667/869/790 727/870/791 725/867/788 715/856/777
f 715/856/777 716/858/779 1667/869/790
f 684/820/741 723/865/786 659/790/711
f 730/871/792 729/872/793 367/428/399 368/430/401
f 366/429/400 367/428/399 729/872/793
f 728/873/794 371/433/404 366/429/400
f 728/873/794 373/435/406 372/434/405
f 734/874/795 731/875/796 732/876/797 735/877/798
f 513/630/559 512/629/558 731/875/796 734/874/795
f 736/878/799 737/879/800 445/535/481 513/630/559
f 445/535/481 737/879/800 444/533/479
f 734/874/795 738/880/801 736/878/799 513/630/559
f 604/729/651 740/881/802 609/882/803 605/730/652
f 608/735/657 740/881/802 604/729/651 603/731/653
f 742/883/804 741/884/805 740/881/802 608/735/657
f 743/885/806 742/883/804 608/735/657 607/734/656
f 606/736/658 739/886/807 743/885/806 607/734/656
f 323/737/480 739/886/807 606/736/658
f 739/887/807 323/534/480 444/533/479 737/879/800
f 612/888/659 610/889/662 1683/890/808 744/891/809
f 744/891/809 745/892/810 615/893/663 612/888/659
f 616/894/666 615/893/663 745/892/810 746/895/811
f 747/896/812 618/897/668 616/894/666 746/895/811
f 618/897/668 747/896/812 748/898/813 620/899/670
f 620/899/670 748/898/813 749/900/814 622/901/671
f 622/901/671 749/900/814 750/902/815 624/903/673
f 624/903/673 750/902/815 751/904/816 626/905/675
f 744/891/809 1683/890/808 753/906/817 752/907/818
f 741/884/805 742/883/804 752/907/818 753/906/817
f 754/908/819 745/892/810 744/891/809 752/907/818
f 743/885/806 754/908/819 752/907/818 742/883/804
f 745/892/810 754/908/819 755/909/820 746/895/811
f 754/908/819 743/885/806 739/886/807 755/909/820
f 756/910/821 747/896/812 746/895/811 755/909/820
f 755/911/820 739/887/807 737/879/800 756/912/821
f 757/913/822 748/898/813 747/896/812 756/910/821
f 748/898/813 757/913/822 758/914/823 749/900/814
f 749/900/814 758/914/823 759/915/824 750/902/815
f 756/912/821 737/879/800 736/878/799 757/916/822
f 738/880/801 761/917/825 757/916/822 736/878/799
f 738/880/801 734/874/795 735/877/798 762/918/826
f 757/916/822 761/917/825 758/919/823
f 763/920/827 759/915/824 758/914/823
f 369/431/402 764/921/828 730/871/792 368/430/401
f 764/921/828 369/431/402 370/432/403 765/922/829
f 728/873/794 366/429/400 729/872/793
f 731/875/796 373/435/406 728/873/794
f 767/923/830 768/924/831 759/915/824 763/920/827
f 769/925/832 760/926/833 751/904/816 750/902/815
f 750/902/815 759/915/824 769/925/832
f 760/926/833 769/925/832 770/927/834 771/928/835
f 768/924/831 770/927/834 769/925/832 759/915/824
f 771/928/835 770/927/834 773/929/836 772/930/837
f 770/927/834 768/924/831 774/931/838 773/929/836
f 856/932/839 775/933/840 774/931/838 768/924/831
f 772/930/837 773/929/836 777/934/841 776/935/842
f 774/931/838 778/936/843 777/934/841 773/929/836
f 780/937/844 779/938/845 776/935/842 777/934/841
f 779/938/845 780/937/844 509/626/555 508/625/554
f 778/936/843 774/931/838 775/933/840 781/939/846
f 783/940/847 449/540/485 447/541/484 504/941/549
f 784/942/848 783/940/847 504/941/549 505/943/551
f 511/944/557 785/945/849 784/942/848 505/943/551
f 786/946/850 785/945/849 511/944/557 782/947/851
f 782/947/851 781/948/846 787/949/852 786/946/850
f 781/948/846 775/950/840 788/951/853 787/949/852
f 766/952/854 790/953/855 791/954/856 789/955/857
f 733/956/858 792/957/859 735/877/798 732/876/797
f 758/919/823 761/917/825 794/958/860 763/959/827
f 761/917/825 738/880/801 762/918/826 794/958/860
f 801/960/861 767/961/830 766/952/854 789/955/857
f 453/546/489 454/548/491 451/544/487 450/542/486
f 790/953/855 766/952/854 794/958/860 762/918/826
f 798/962/862 795/963/863 796/964/864 797/965/865
f 799/966/866 370/432/403 797/965/865 796/964/864
f 797/965/865 370/432/403 360/416/390
f 449/540/485 798/962/862 797/965/865 360/416/390
f 783/940/847 795/963/863 798/962/862 449/540/485
f 800/967/867 795/963/863 783/940/847 784/942/848
f 785/945/849 800/967/867 784/942/848
f 775/950/840 856/968/839 857/969/868 788/951/853
f 788/951/853 857/969/868 858/970/869 803/971/870
f 804/972/871 805/973/872 785/945/849 786/946/850
f 785/945/849 805/973/872 806/974/873 800/967/867
f 568/686/615 807/975/874 578/703/625
f 807/975/874 563/681/610 578/703/625
f 808/976/875 564/682/611 563/681/610
f 799/966/866 809/977/876 765/922/829 370/432/403
f 810/978/877 732/876/797 731/875/796 728/873/794
f 728/873/794 729/872/793 810/978/877
f 810/978/877 729/872/793 730/871/792 811/979/878
f 811/979/878 733/956/858 732/876/797 810/978/877
f 809/977/876 813/980/879 814/981/880 765/922/829
f 812/982/881 764/921/828 765/922/829 814/981/880
f 764/921/828 812/982/881 811/979/878 730/871/792
f 733/956/858 811/979/878 812/982/881 793/983/882
f 792/957/859 790/953/855 762/918/826 735/877/798
f 790/953/855 792/957/859 815/984/883 791/954/856
f 792/957/859 733/956/858 793/983/882 815/984/883
f 814/981/880 816/985/884 793/983/882 812/982/881
f 816/985/884 814/981/880 813/980/879 817/986/885
f 815/984/883 816/985/884 817/986/885 818/987/886
f 815/984/883 818/987/886 791/954/856
f 821/988/887 817/986/885 813/980/879 822/989/888
f 802/990/889 819/991/890 824/992/891 823/993/892
f 819/991/890 820/994/893 825/995/894 824/992/891
f 801/960/861 789/955/857 819/991/890 802/990/889
f 820/994/893 819/991/890 789/955/857 791/954/856
f 791/954/856 818/987/886 827/996/895 820/994/893
f 821/988/887 827/996/895 818/987/886 817/986/885
f 825/995/894 820/994/893 827/996/895 828/997/896
f 827/996/895 821/988/887 826/998/897 828/997/896
f 829/999/898 804/972/871 786/946/850 787/949/852
f 787/949/852 788/951/853 803/971/870 829/999/898
f 858/970/869 823/1000/892 830/1001/899 803/971/870
f 780/937/844 777/934/841 778/936/843 831/1002/900
f 509/626/555 780/937/844 831/1002/900 510/627/556
f 821/988/887 822/989/888 832/1003/901 826/998/897
f 813/980/879 809/977/876 834/1004/902 822/989/888
f 186/219/210 97/184/180 161/183/179
f 167/194/190 240/285/271 242/291/276 168/192/188
f 231/274/261 222/262/249 223/264/251
f 243/1005/277 236/280/267 233/275/262
f 354/412/386 339/399/375 356/487/449 351/413/387
f 728/873/794 372/434/405 371/433/404
f 492/602/531 490/599/528 491/601/530
f 731/875/796 512/629/558 373/435/406
f 667/801/722 653/780/701 652/781/702
f 719/861/782 708/849/770 706/848/769
f 239/284/270 242/291/276 240/285/271
f 239/284/270 171/198/192 172/197/191 238/282/269
f 449/540/485 360/416/390 359/415/389
f 816/985/884 815/984/883 793/983/882
f 835/1006/903 609/882/803 740/881/802 741/884/805
f 741/884/805 753/906/817 836/1007/904 835/1006/903
f 753/906/817 1683/890/808 836/1007/904
f 573/690/619 572/691/620 806/974/873 837/1008/905
f 530/647/576 573/690/619 837/1008/905
f 806/974/873 805/973/872 837/1008/905
f 530/647/576 837/1008/905 838/1009/906 531/648/577
f 839/1010/907 838/1009/906 837/1008/905 805/973/872
f 804/972/871 840/1011/908 839/1010/907 805/973/872
f 841/1012/909 840/1011/908 804/972/871 829/999/898
f 829/999/898 803/971/870 830/1001/899 841/1012/909
f 531/693/577 838/1013/906 842/1014/910 574/694/621
f 843/1015/911 842/1014/910 838/1013/906 839/1016/907
f 839/1016/907 840/1017/908 844/1018/912 843/1015/911
f 845/1019/913 844/1018/912 840/1017/908 841/1020/909
f 841/1020/909 830/1021/899 846/1022/914 845/1019/913
f 830/1021/899 823/993/892 847/1023/915 846/1022/914
f 824/992/891 833/1024/916 847/1023/915 823/993/892
f 851/1025/917 845/1019/913 846/1022/914 847/1023/915
f 844/1018/912 845/1019/913 851/1025/917 850/1026/918
f 844/1018/912 850/1026/918 849/1027/919 843/1015/911
f 842/1014/910 843/1015/911 849/1027/919 848/1028/920
f 538/655/584 525/642/571 527/644/573 528/646/575
f 574/694/621 842/1014/910 848/1028/920 575/696/622
f 796/964/864 807/975/874 799/966/866
f 567/685/614 799/966/866 807/975/874
f 834/1004/902 809/977/876 569/687/616 560/677/606
f 795/963/863 852/1029/921 808/976/875 796/964/864
f 852/1029/921 565/683/612 808/976/875
f 852/1029/921 855/1030/922 571/689/618 566/684/613
f 855/1030/922 572/691/620 571/689/618
f 795/963/863 800/967/867 855/1030/922 852/1029/921
f 572/691/620 855/1030/922 800/967/867 806/974/873
f 566/684/613 565/683/612 852/1029/921
f 565/683/612 564/682/611 808/976/875
f 808/976/875 563/681/610 807/975/874
f 808/976/875 807/975/874 796/964/864
f 569/687/616 799/966/866 567/685/614
f 567/685/614 807/975/874 568/686/615
f 569/687/616 809/977/876 799/966/866
f 767/923/830 856/932/839 768/924/831
f 801/1031/861 857/969/868 856/968/839 767/1032/830
f 802/1033/889 858/970/869 857/969/868 801/1031/861
f 802/1033/889 823/1000/892 858/970/869
f 510/627/556 831/1002/900 782/1034/851 511/628/557
f 781/939/846 782/1034/851 831/1002/900 778/936/843
f 825/995/894 859/1035/923 833/1024/916 824/992/891
f 860/1036/924 832/1003/901 822/989/888 834/1004/902
f 559/678/607 561/679/608 860/1036/924 834/1004/902
f 861/1037/925 860/1036/924 561/679/608 562/680/609
f 862/1038/926 832/1003/901 860/1036/924 861/1037/925
f 862/1038/926 863/1039/927 826/998/897 832/1003/901
f 536/702/582 854/676/605 532/649/578 522/640/569
f 864/1040/928 828/997/896 826/998/897 863/1039/927
f 865/1041/929 868/1042/930 861/1037/925 562/680/609
f 828/997/896 864/1040/928 859/1035/923 825/995/894
f 867/1043/931 866/1044/932 848/1028/920 849/1027/919
f 868/1042/930 865/1041/929 866/1044/932 867/1043/931
f 865/1041/929 562/680/609 854/676/605 577/701/624
f 576/699/623 866/1044/932 865/1041/929 577/701/624
f 575/696/622 848/1028/920 866/1044/932 576/699/623
f 870/1045/933 850/1026/918 851/1025/917 871/1046/934
f 869/1047/935 870/1045/933 871/1046/934 872/1048/936
f 863/1039/927 862/1038/926 869/1047/935 872/1048/936
f 868/1042/930 869/1047/935 862/1038/926 861/1037/925
f 867/1043/931 870/1045/933 869/1047/935 868/1042/930
f 849/1027/919 850/1026/918 870/1045/933 867/1043/931
f 833/1024/916 871/1046/934 851/1025/917 847/1023/915
f 859/1035/923 872/1048/936 871/1046/934 833/1024/916
f 864/1040/928 863/1039/927 872/1048/936
f 859/1035/923 864/1040/928 872/1048/936
f 834/1004/902 560/677/606 559/678/607
f 468/571/505 469/570/504 873/1049/937 874/1050/938
f 875/1051/939 470/572/506 468/571/505 874/1050/938
f 470/572/506 875/1051/939 876/1052/940 471/573/507
f 877/1053/941 475/577/511 471/573/507 876/1052/940
f 877/1053/941 878/1054/942 478/580/514 475/577/511
f 878/1054/942 879/1055/943 481/583/517 478/580/514
f 480/582/516 481/583/517 879/1055/943 880/1056/944
f 482/584/518 480/582/516 880/1056/944 881/1057/945
f 483/585/519 482/584/518 881/1057/945 882/1058/946
f 483/586/519 882/1059/946 883/1060/947 484/587/520
f 484/587/520 883/1060/947 884/1061/948 466/569/503
f 885/1062/949 873/1049/937 469/570/504 467/568/502
f 885/1062/949 467/568/502 466/569/503 884/1061/948
f 308/357/341 307/356/340 885/1062/949 884/1061/948
f 873/1049/937 885/1062/949 307/356/340 306/355/339
f 319/375/354 874/1050/938 873/1049/937 306/355/339
f 305/359/343 874/1050/938 319/375/354
f 875/1051/939 309/358/342 310/360/344
f 310/360/344 886/1063/950 876/1052/940 875/1051/939
f 876/1052/940 886/1063/950 887/1064/951 877/1053/941
f 878/1054/942 877/1053/941 887/1064/951 888/1065/952
f 888/1065/952 889/1066/953 879/1055/943 878/1054/942
f 889/1066/953 890/1067/954 880/1056/944 879/1055/943
f 881/1057/945 880/1056/944 890/1067/954 891/1068/955
f 882/1058/946 881/1057/945 891/1068/955 892/1069/956
f 882/1059/946 892/1070/956 906/1071/957
f 312/362/346 308/357/341 884/1061/948 883/1060/947
f 892/1070/956 893/1072/958 272/322/306 313/363/347
f 893/1072/958 894/1073/959 273/1074/349 272/322/306
f 891/1068/955 895/1075/960 893/1076/958 892/1069/956
f 895/1075/960 894/1077/959 893/1076/958
f 890/1067/954 889/1066/953 896/1078/961 897/1079/962
f 891/1068/955 890/1067/954 897/1079/962 895/1075/960
f 895/1075/960 897/1079/962 907/1080/963
f 888/1065/952 898/1081/964 896/1078/961 889/1066/953
f 887/1064/951 899/1082/965 898/1081/964 888/1065/952
f 900/1083/966 899/1082/965 887/1064/951 886/1063/950
f 900/1083/966 886/1063/950 301/351/335
f 900/1083/966 302/352/336 303/353/337 901/1084/967
f 901/1084/967 303/353/337 304/354/338 902/1085/968
f 899/1082/965 900/1083/966 901/1084/967
f 899/1082/965 901/1084/967 902/1085/968 898/1081/964
f 903/1086/969 904/1087/970 897/1079/962 896/1078/961
f 898/1081/964 902/1085/968 905/1088/971
f 907/1080/963 897/1079/962 904/1087/970
f 886/1063/950 310/360/344 301/351/335
f 280/329/313 267/317/301 269/319/303 271/321/305
f 275/323/307 265/315/299 278/327/311 853/350/334
f 896/1078/961 905/1088/971 903/1086/969
f 908/1089/972 905/1088/971 902/1085/968 304/354/338
f 909/1090/973 910/1091/974 904/1087/970 903/1086/969
f 909/1090/973 903/1086/969 905/1088/971 908/1089/972
f 910/1091/974 911/1092/975 907/1080/963 904/1087/970
f 907/1080/963 911/1092/975 894/1077/959
f 908/1089/972 304/354/338 853/350/334 318/374/353
f 317/371/352 909/1090/973 908/1089/972 318/374/353
f 316/369/351 910/1091/974 909/1090/973 317/371/352
f 315/367/350 911/1092/975 910/1091/974 316/369/351
f 273/366/349 894/1077/959 911/1092/975 315/367/350
f 906/1071/957 314/364/348 312/362/346 883/1060/947
f 313/363/347 314/364/348 906/1071/957 892/1070/956
f 883/1060/947 882/1059/946 906/1071/957
f 313/363/347 311/361/345 314/364/348
f 874/1050/938 309/358/342 875/1051/939
f 302/352/336 900/1083/966 301/351/335
f 309/358/342 874/1050/938 305/359/343
f 122/167/167 121/138/138 109/125/125
f 912/139/139 123/304/288 109/125/125
f 766/952/854 767/961/830 763/959/827 794/958/860
f 898/1081/964 905/1088/971 896/1078/961
f 907/1080/963 894/1077/959 895/1075/960
f 268/318/302 270/320/304 269/319/303
f 286/335/319 281/331/315 311/361/345
f 273/1074/349 271/321/305 272/322/306
f 270/320/304 268/318/302 286/335/319
f 286/335/319 313/363/347 270/320/304
f 39/39/39 38/38/38 45/50/50
f 48/54/54 50/57/57 45/50/50
f 45/50/50 46/51/51 39/39/39
f 977/64/64 986/74/74 56/65/65
f 986/74/74 990/78/78 65/75/75
f 116/133/133 134/147/147 27/27/27
f 115/132/132 26/26/26 133/146/146
f 114/131/131 25/25/25 115/132/132
f 167/194/190 166/190/186 1856/289/274
f 241/290/275 238/282/269 243/293/277
f 243/1005/277 233/275/262 237/281/268
f 242/291/276 241/290/275 168/192/188
f 94/107/107 99/112/112 96/108/108
f 97/1093/180 95/109/109 98/111/111
f 235/279/266 236/280/267 220/263/250
f 335/393/372 324/394/355 336/390/369
f 321/391/370 336/390/369 322/396/367
f 715/856/777 713/854/775 716/858/779
f 712/855/776 713/854/775 714/857/778
f 727/870/791 726/868/789 725/867/788
f 698/836/757 703/843/764 691/828/749
f 686/823/744 691/828/749 687/824/745
f 110/127/127 912/139/139 105/120/120
f 81/93/93 105/120/120 912/139/139
f 110/127/127 123/304/288 912/139/139
f 151/165/165 204/240/230 150/164/164
f 97/1093/180 165/187/183 95/109/109
f 220/263/250 217/260/246 219/258/247
f 915/1094/976 914/1095/977 913/1096/978 916/1097/979
f 917/1098/980 915/1094/976 916/1097/979 918/1099/981
f 917/1098/980 918/1099/981 920/1100/982 919/1101/983
f 919/1101/983 920/1100/982 922/1102/984 921/1103/985
f 925/1104/986 924/1105/987 923/1106/988 921/1103/985
f 927/1107/989 926/1108/990 923/1106/988 924/1105/987
f 926/1108/990 927/1107/989 928/1109/991 929/1110/992
f 930/1111/993 929/1110/992 928/1109/991 931/1112/994
f 930/1111/993 931/1112/994 932/1113/995 914/1095/977
f 932/1113/995 933/1114/996 913/1096/978 914/1095/977
f 921/1103/985 922/1102/984 934/1115/997 925/1104/986
f 935/1116/998 918/1099/981 916/1097/979 936/1117/999
f 937/1118/1000 920/1100/982 918/1099/981 935/1116/998
f 938/1119/1001 922/1102/984 920/1100/982 937/1118/1000
f 938/1119/1001 939/1120/1002 934/1115/997 922/1102/984
f 934/1115/997 939/1120/1002 940/1121/1003 925/1104/986
f 924/1105/987 925/1104/986 940/1121/1003 941/1122/1004
f 927/1107/989 924/1105/987 941/1122/1004 942/1123/1005
f 927/1107/989 942/1123/1005 943/1124/1006 928/1109/991
f 944/1125/1007 931/1112/994 928/1109/991 943/1124/1006
f 931/1112/994 944/1125/1007 945/1126/1008 932/1113/995
f 945/1126/1008 946/1127/1009 933/1114/996 932/1113/995
f 913/1096/978 947/1128/1010 936/1117/999 916/1097/979
f 947/1128/1010 913/1096/978 933/1114/996 946/1127/1009
f 948/1129/1011 947/1128/1010 946/1127/1009 949/1130/1012
f 945/1126/1008 950/1131/1013 951/1132/1014 946/1127/1009
f 945/1126/1008 944/1125/1007 952/1133/1015 950/1131/1013
f 947/1128/1010 948/1129/1011 953/1134/1016 936/1117/999
f 948/1129/1011 955/43/43 954/42/42 953/1134/1016
f 948/1129/1011 949/1130/1012 956/44/44 955/43/43
f 957/45/45 956/44/44 949/1130/1012 958/1135/1017
f 949/1130/1012 946/1127/1009 951/1132/1014 958/1135/1017
f 959/47/47 957/45/45 958/1135/1017 960/1136/1018
f 960/1136/1018 958/1135/1017 951/1132/1014 961/1137/1019
f 961/1137/1019 951/1132/1014 962/1138/1020
f 952/1133/1015 963/1139/1021 950/1131/1013
f 965/1140/1022 964/52/52 959/47/47 960/1136/1018
f 961/1137/1019 966/1141/1023 965/1140/1022 960/1136/1018
f 962/1138/1020 966/1141/1023 961/1137/1019
f 967/55/55 964/52/52 965/1140/1022 968/1142/1024
f 968/1142/1024 965/1140/1022 966/1141/1023 969/1143/1025
f 969/1143/1025 962/1138/1020 963/1139/1021
f 971/1144/1026 970/59/59 967/55/55 968/1142/1024
f 972/1145/1027 971/1144/1026 968/1142/1024 969/1143/1025
f 963/1139/1021 973/1146/1028 972/1145/1027 969/1143/1025
f 973/1146/1028 963/1139/1021 952/1133/1015 974/1147/1029
f 975/1148/1030 974/1147/1029 952/1133/1015 944/1125/1007
f 977/64/64 970/59/59 971/1144/1026 976/1149/1031
f 976/1149/1031 971/1144/1026 972/1145/1027 978/1150/1032
f 973/1146/1028 979/1151/1033 978/1150/1032 972/1145/1027
f 943/1124/1006 980/1152/1034 975/1148/1030 944/1125/1007
f 942/1123/1005 981/1153/1035 980/1152/1034 943/1124/1006
f 941/1122/1004 982/1154/1036 981/1153/1035 942/1123/1005
f 974/1147/1029 983/1155/1037 979/1151/1033 973/1146/1028
f 983/1155/1037 974/1147/1029 975/1148/1030 984/1156/1038
f 980/1152/1034 985/1157/1039 984/1156/1038 975/1148/1030
f 987/1158/1040 986/74/74 976/1149/1031
f 987/1158/1040 976/1149/1031 978/1150/1032 988/1159/1041
f 988/1159/1041 978/1150/1032 979/1151/1033 989/1160/1042
f 991/1161/1043 990/78/78 987/1158/1040
f 988/1159/1041 992/1162/1044 991/1161/1043 987/1158/1040
f 992/1162/1044 988/1159/1041 989/1160/1042 993/1163/1045
f 983/1155/1037 994/1164/1046 989/1160/1042 979/1151/1033
f 993/1163/1045 989/1160/1042 994/1164/1046 995/1165/1047
f 984/1156/1038 996/1166/1048 994/1164/1046 983/1155/1037
f 996/1166/1048 984/1156/1038 985/1157/1039 997/1167/1049
f 995/1165/1047 994/1164/1046 996/1166/1048 998/1168/1050
f 997/1167/1049 999/1169/1051 998/1168/1050 996/1166/1048
f 991/1161/1043 1001/1170/1052 1000/88/88 990/78/78
f 992/1162/1044 1002/1171/1053 1001/1170/1052 991/1161/1043
f 993/1163/1045 995/1165/1047 1002/1171/1053 992/1162/1044
f 985/1157/1039 980/1152/1034 981/1153/1035 1003/1172/1054
f 1003/1172/1054 1004/1173/1055 997/1167/1049 985/1157/1039
f 999/1169/1051 997/1167/1049 1004/1173/1055 1005/1174/1056
f 936/1117/999 953/1134/1016 1006/1175/1057 935/1116/998
f 83/95/95 1006/1175/1057 953/1134/1016 954/42/42
f 1009/1176/1058 1008/1177/1059 1007/1178/1060 1010/1179/1061
f 1011/1180/1062 1008/1177/1059 1009/1176/1058 1012/1181/1063
f 1012/1181/1063 1014/1182/1064 1013/1183/1065 1011/1180/1062
f 1013/1183/1065 1849/1184/1066 1015/1185/1067
f 1013/1183/1065 1845/1186/1068 1017/1187/1069 1016/1188/1070
f 1019/1189/1071 1018/1190/1072 1016/1188/1070 1017/1187/1069
f 1018/1190/1072 1019/1189/1071 1020/1191/1073
f 1021/1192/1074 1011/1180/1062 1013/1183/1065 1016/1188/1070
f 1008/1177/1059 1011/1180/1062 1021/1192/1074
f 1022/1193/1075 1021/1192/1074 1018/1190/1072
f 1022/1193/1075 1007/1178/1060 1008/1177/1059 1021/1192/1074
f 1022/1193/1075 1018/1190/1072 1020/1191/1073
f 1023/114/114 1000/88/88 1001/1170/1052 1024/1194/1076
f 1002/1171/1053 1025/1195/1077 1024/1194/1076 1001/1170/1052
f 1025/1195/1077 1002/1171/1053 995/1165/1047 998/1168/1050
f 1024/1194/1076 1026/1196/1078 1027/1197/117 1023/114/114
f 1026/1196/1078 1024/1194/1076 1025/1195/1077 1028/1198/1079
f 1028/1198/1079 1025/1195/1077 998/1168/1050 999/1169/1051
f 1029/1199/1080 1028/1198/1079 999/1169/1051 1005/1174/1056
f 1028/1198/1079 1029/1199/1080 1030/1200/1081 1026/1196/1078
f 1026/1196/1078 1030/1200/1081 1031/1201/122 1027/1197/117
f 1032/1202/1082 1003/1172/1054 981/1153/1035 982/1154/1036
f 1004/1173/1055 1003/1172/1054 1032/1202/1082 1033/1203/1083
f 1033/1203/1083 1034/1204/1084 1005/1174/1056 1004/1173/1055
f 1029/1199/1080 1036/1205/1085 1035/1206/1086 1030/1200/1081
f 1037/1207/128 1031/1201/122 1030/1200/1081 1035/1206/1086
f 1006/1175/1057 83/95/95 112/129/129 1038/1208/1087
f 1038/1208/1087 935/1116/998 1006/1175/1057
f 1039/1209/1088 937/1118/1000 935/1116/998 1038/1208/1087
f 937/1118/1000 1040/1210/1089 938/1119/1001
f 940/1121/1003 939/1120/1002 1041/1211/1090 1042/1212/1091
f 1042/1212/1091 982/1154/1036 941/1122/1004 940/1121/1003
f 1032/1202/1082 982/1154/1036 1043/1213/1092 1044/1214/1093
f 1045/1215/1094 1033/1203/1083 1032/1202/1082 1044/1214/1093
f 1033/1203/1083 1045/1215/1094 1046/1216/1095 1034/1204/1084
f 1034/1204/1084 1047/1217/1096 1005/1174/1056
f 1043/1213/1092 982/1154/1036 1042/1212/1091
f 1049/1218/1097 1048/1219/1098 1043/1213/1092 1042/1212/1091
f 1043/1213/1092 1048/1219/1098 1050/1220/1099 1044/1214/1093
f 1051/1221/1100 1045/1215/1094 1044/1214/1093 1050/1220/1099
f 1045/1215/1094 1051/1221/1100 1052/1222/1101 1046/1216/1095
f 1049/1218/1097 1042/1212/1091 1041/1211/1090 1053/1223/1102
f 938/1119/1001 1054/1224/1103 939/1120/1002
f 1054/1224/1103 1055/1225/1104 939/1120/1002
f 1041/1211/1090 1055/1225/1104 1056/1226/1105 1053/1223/1102
f 1055/1225/1104 1054/1224/1103 1057/1227/1106 1056/1226/1105
f 1054/1224/1103 1040/1210/1089 1058/1228/1107 1057/1227/1106
f 1059/1229/1108 1058/1228/1107 1040/1210/1089 1039/1209/1088
f 1039/1209/1088 1038/1208/1087 1060/1230/1109 1059/1229/1108
f 1060/1230/1109 1038/1208/1087 112/129/129 139/153/153
f 140/155/155 1061/1231/1110 1060/1230/1109 139/153/153
f 1059/1229/1108 1060/1230/1109 1061/1231/1110 1062/1232/1111
f 1058/1228/1107 1059/1229/1108 1062/1232/1111 1063/1233/1112
f 1063/1233/1112 1064/1234/1113 1057/1227/1106 1058/1228/1107
f 1056/1226/1105 1057/1227/1106 1064/1234/1113 1065/1235/1114
f 1065/1235/1114 1066/1236/1115 1053/1223/1102 1056/1226/1105
f 1066/1236/1115 1067/1237/1116 1049/1218/1097 1053/1223/1102
f 1048/1219/1098 1049/1218/1097 1067/1237/1116 1068/1238/1117
f 1068/1238/1117 1069/1239/1118 1050/1220/1099 1048/1219/1098
f 1051/1221/1100 1050/1220/1099 1069/1239/1118 1070/1240/1119
f 1052/1222/1101 1051/1221/1100 1070/1240/1119 1071/1241/1120
f 1073/1242/1121 1072/1243/1122 1046/1216/1095 1052/1222/1101
f 1052/1222/1101 1071/1241/1120 1074/1244/1123 1073/1242/1121
f 1076/1245/1124 1075/1246/170 1078/1247/169 1077/1248/1125
f 1075/1246/170 1076/1245/1124 1080/1249/1126 1079/1250/174
f 1007/1251/1060 1082/1252/1127 1081/1253/1128 1010/1254/1061
f 1083/1255/1129 1082/1252/1127 1007/1251/1060 1022/1256/1075
f 1020/1257/1073 1084/1258/1130 1083/1255/1129 1022/1256/1075
f 1085/1259/1131 1084/1258/1130 1020/1257/1073 1086/1260/1132
f 1019/1189/1071 1017/1187/1069 1087/1261/1133 1088/1262/1134
f 1088/1262/1134 1089/1263/1135 1019/1189/1071
f 1846/1264/1136 1087/1261/1133 1017/1187/1069 1845/1186/1068
f 1850/1265/1137 1090/1266/1138 1015/1185/1067 1849/1184/1066
f 1092/1267/1139 1009/1176/1058 1010/1179/1061 1093/1268/1140
f 1094/1269/1141 1012/1181/1063 1009/1176/1058 1092/1267/1139
f 1014/1182/1064 1012/1181/1063 1094/1269/1141 1091/1270/1142
f 1087/1271/1133 1096/1272/1143 1095/1273/1144 1088/1274/1134
f 1087/1271/1133 1846/1275/1136 1097/1276/1145 1096/1272/1143
f 1099/1277/1146 1098/1278/1147 1064/1234/1113 1063/1233/1112
f 1098/1278/1147 1099/1277/1146 1083/1255/1129 1084/1258/1130
f 1065/1235/1114 1064/1234/1113 1098/1278/1147 1100/1279/1148
f 1100/1279/1148 1098/1278/1147 1084/1258/1130 1085/1259/1131
f 1063/1233/1112 1062/1232/1111 1101/1280/1149 1099/1277/1146
f 1099/1277/1146 1101/1280/1149 1082/1252/1127 1083/1255/1129
f 1102/1281/1150 1101/1280/1149 1062/1232/1111 1061/1231/1110
f 1101/1280/1149 1102/1281/1150 1081/1253/1128 1082/1252/1127
f 1061/1231/1110 140/155/155 1103/207/199 1102/1281/1150
f 1104/1282/1151 1081/1253/1128 1102/1281/1150 1103/207/199
f 1104/1282/1151 1103/207/199 1105/1283/201
f 1106/1284/1152 1010/1254/1061 1081/1253/1128 1104/1282/1151
f 1104/1282/1151 1105/1283/201 1107/1285/203 1106/1284/1152
f 181/1286/204 1108/1287/1153 1106/1284/1152 1107/1285/203
f 1093/1288/1140 1010/1254/1061 1106/1284/1152 1108/1287/1153
f 1066/1236/1115 1065/1235/1114 1100/1279/1148 1109/1289/1154
f 1067/1237/1116 1066/1236/1115 1109/1289/1154 1110/1290/1155
f 1110/1290/1155 1111/1291/1156 1068/1238/1117 1067/1237/1116
f 1069/1239/1118 1068/1238/1117 1111/1291/1156 1112/1292/1157
f 1112/1292/1157 1070/1240/1119 1069/1239/1118
f 1109/1289/1154 1100/1279/1148 1085/1259/1131 1113/1293/1158
f 1113/1293/1158 1114/1294/1159 1110/1290/1155 1109/1289/1154
f 1111/1291/1156 1110/1290/1155 1114/1294/1159 1115/1295/1160
f 1116/1296/1161 1113/1293/1158 1086/1260/1132 1089/1297/1135
f 1114/1294/1159 1113/1293/1158 1116/1296/1161 1117/1298/1162
f 1119/1299/1163 1118/1300/1164 1121/1301/1165 1120/1302/1166
f 1118/1300/1164 1122/1303/1167 1123/1304/1168 1121/1301/1165
f 1123/1304/1168 1122/1303/1167 1125/1305/1169 1124/1306/1170
f 1124/1306/1170 1125/1305/1169 1126/1307/1171 1127/1308/1172
f 1127/1308/1172 1126/1307/1171 1129/1309/1173 1128/1310/1174
f 1128/1310/1174 1129/1309/1173 1131/1311/1175 1130/1312/1176
f 1132/1313/1177 1074/1244/1123 1122/1303/1167 1118/1300/1164
f 1122/1303/1167 1074/1244/1123 1071/1241/1120 1125/1305/1169
f 1125/1305/1169 1071/1241/1120 1133/1314/1178 1126/1307/1171
f 1134/1315/1179 1129/1309/1173 1126/1307/1171 1133/1314/1178
f 1112/1292/1157 1133/1314/1178 1070/1240/1119
f 1135/1316/1180 1134/1315/1179 1133/1314/1178 1112/1292/1157
f 1129/1309/1173 1134/1315/1179 1136/1317/1181 1131/1311/1175
f 1138/1318/1182 1137/1319/1183 1130/1312/1176 1131/1311/1175
f 1141/1320/1184 1140/1321/1185 1139/1322/236 1142/1323/239
f 1131/1311/1175 1136/1317/1181 1143/1324/1186 1138/1318/1182
f 1139/1322/236 1140/1321/1185 1144/1325/1187 213/1326/242
f 1111/1291/1156 1115/1295/1160 1135/1316/1180 1112/1292/1157
f 1145/1327/1188 1136/1317/1181 1134/1315/1179 1135/1316/1180
f 1115/1295/1160 1145/1327/1188 1135/1316/1180
f 1117/1298/1162 1145/1327/1188 1115/1295/1160 1114/1294/1159
f 1136/1317/1181 1145/1327/1188 1146/1328/1189 1143/1324/1186
f 1095/1273/1144 1148/1329/1190 1147/1330/1191 1088/1274/1134
f 1089/1331/1135 1088/1274/1134 1147/1330/1191
f 1149/1332/1192 1116/1296/1161 1089/1297/1135 1147/1333/1191
f 1148/1334/1190 1149/1332/1192 1147/1333/1191
f 1150/1335/1193 1117/1298/1162 1116/1296/1161 1149/1332/1192
f 1151/1336/1194 1150/1335/1193 1149/1332/1192 1152/1337/1195
f 1117/1298/1162 1150/1335/1193 1146/1328/1189 1145/1327/1188
f 1146/1328/1189 1150/1335/1193 1151/1336/1194 1153/1338/1196
f 1143/1324/1186 1146/1328/1189 1153/1338/1196 1154/1339/1197
f 1154/1339/1197 1155/1340/1198 1138/1318/1182 1143/1324/1186
f 1155/1340/1198 1156/1341/1199 1137/1319/1183 1138/1318/1182
f 1140/1321/1185 1141/1320/1184 1156/1341/1199 1155/1340/1198
f 1144/1325/1187 1140/1321/1185 1155/1340/1198 1154/1339/1197
f 1157/1342/1200 1144/1325/1187 1154/1339/1197 1153/1338/1196
f 1144/1325/1187 1157/1342/1200 1158/1343/256 213/1326/242
f 1157/1342/1200 1159/1344/1201 227/1345/257 1158/1343/256
f 1160/1346/1202 230/1347/260 227/1345/257 1159/1344/1201
f 1159/1344/1201 1157/1342/1200 1153/1338/1196 1161/1348/1203
f 1162/1349/1204 232/1350/263 230/1347/260 1160/1346/1202
f 1108/1287/1153 181/1286/204 1164/1351/265 1163/1352/1205
f 232/1350/263 1162/1349/1204 1163/1352/1205 1164/1351/265
f 1161/1348/1203 1165/1353/1206 1160/1346/1202 1159/1344/1201
f 1165/1353/1206 1161/1348/1203 1151/1336/1194 1152/1337/1195
f 1148/1334/1190 1166/1354/1207 1152/1337/1195
f 1165/1353/1206 1166/1354/1207 1162/1349/1204 1160/1346/1202
f 1108/1287/1153 1163/1352/1205 1167/1355/1208 1093/1288/1140
f 1168/1356/1209 1166/1357/1207 1148/1329/1190 1095/1273/1144
f 1096/1272/1143 1097/1276/1145 1169/1358/1210 1170/1359/1211
f 1853/1360/1212 1169/1358/1210 1097/1276/1145 1852/1361/1213
f 1170/1359/1211 1172/1362/1214 1171/1363/1215 1168/1356/1209
f 1093/1268/1140 1171/1363/1215 1092/1267/1139
f 1167/1364/1208 1173/1365/1216 1171/1363/1215 1093/1268/1140
f 1168/1356/1209 1173/1365/1216 1166/1357/1207
f 1163/1352/1205 1162/1349/1204 1167/1355/1208
f 914/1095/977 915/1094/976 1175/1366/1217 1174/1367/1218
f 915/1094/976 917/1098/980 1176/1368/1219 1175/1366/1217
f 1176/1368/1219 917/1098/980 919/1101/983 1177/1369/1220
f 1177/1369/1220 919/1101/983 921/1103/985 1178/1370/1221
f 1178/1370/1221 921/1103/985 923/1106/988 1179/1371/1222
f 923/1106/988 926/1108/990 1180/1372/1223 1179/1371/1222
f 1180/1372/1223 926/1108/990 929/1110/992 1181/1373/1224
f 929/1110/992 930/1111/993 1182/1374/1225 1181/1373/1224
f 1182/1374/1225 930/1111/993 914/1095/977 1174/1367/1218
f 1183/1375/1226 1174/1367/1218 1175/1366/1217
f 1183/1375/1226 1175/1366/1217 1176/1368/1219
f 1183/1375/1226 1176/1368/1219 1177/1369/1220
f 1183/1375/1226 1177/1369/1220 1178/1370/1221
f 1183/1375/1226 1178/1370/1221 1179/1371/1222
f 1183/1375/1226 1179/1371/1222 1180/1372/1223
f 1183/1375/1226 1180/1372/1223 1181/1373/1224
f 1183/1375/1226 1181/1373/1224 1182/1374/1225
f 1183/1375/1226 1182/1374/1225 1174/1367/1218
f 1072/1243/1122 1184/1376/1227 1034/1204/1084
f 1118/1300/1164 1119/1299/1163 1185/1377/1228 1132/1313/1177
f 1119/1299/1163 1076/1245/1124 1077/1248/1125 1185/1377/1228
f 1076/1245/1124 1119/1299/1163 1120/1302/1166 1080/1249/1126
f 1077/1248/1125 1078/1247/169 1037/1207/128 1035/1206/1086
f 1077/1248/1125 1035/1206/1086 1036/1205/1085 1185/1377/1228
f 1184/1376/1227 1132/1313/1177 1185/1377/1228 1036/1205/1085
f 1073/1242/1121 1132/1313/1177 1184/1376/1227 1072/1243/1122
f 1073/1242/1121 1074/1244/1123 1132/1313/1177
f 1189/1378/1229 1188/1379/1230 1187/1380/1231 1186/1381/1232
f 1191/1382/1233 1187/1380/1231 1188/1379/1230 1190/1383/1234
f 1190/1383/1234 1193/1384/1235 1192/1385/1236 1191/1382/1233
f 1195/1386/1237 1194/1387/1238 1192/1385/1236 1193/1384/1235
f 1186/1381/1232 1197/1388/1239 1196/1389/1240 1189/1378/1229
f 1197/1388/1239 1199/1390/1241 1198/1391/1242 1196/1389/1240
f 1201/1392/1243 1199/1390/1241 1200/1393/1244
f 1201/1392/1243 1200/1393/1244 1202/1394/1245
f 1204/1395/1246 1203/1396/1247 1194/1387/1238 1195/1386/1237
f 1191/1382/1233 1206/1397/1248 1205/1398/1249 1187/1380/1231
f 1192/1385/1236 1207/1399/1250 1206/1397/1248 1191/1382/1233
f 1192/1385/1236 1194/1387/1238 1207/1399/1250
f 1186/1381/1232 1187/1380/1231 1205/1398/1249 1208/1400/1251
f 1197/1388/1239 1186/1381/1232 1208/1400/1251 1209/1401/1252
f 1198/1391/1242 1211/1402/1253 1210/1403/1254 1196/1389/1240
f 1212/1404/1255 1189/1378/1229 1196/1389/1240 1210/1403/1254
f 1189/1378/1229 1212/1404/1255 1213/1405/1256 1188/1379/1230
f 1190/1383/1234 1188/1379/1230 1213/1405/1256 1214/1406/1257
f 1211/1402/1253 1198/1391/1242 1215/1407/1258
f 1214/1406/1257 1216/1408/1259 1193/1384/1235 1190/1383/1234
f 1216/1408/1259 1217/1409/1260 1195/1386/1237 1193/1384/1235
f 1204/1395/1246 1195/1386/1237 1217/1409/1260 1218/1410/1261
f 1217/1409/1260 1216/1408/1259 1219/1411/1262 1220/1412/1263
f 1218/1410/1261 1217/1409/1260 1220/1412/1263 1221/1413/1264
f 1216/1408/1259 1214/1406/1257 1222/1414/1265 1219/1411/1262
f 1214/1406/1257 1213/1405/1256 1223/1415/1266 1222/1414/1265
f 1212/1404/1255 1224/1416/1267 1223/1415/1266 1213/1405/1256
f 1210/1403/1254 1225/1417/1268 1224/1416/1267 1212/1404/1255
f 1225/1417/1268 1210/1403/1254 1211/1402/1253 1226/1418/1269
f 1228/1419/1270 1218/1410/1261 1221/1413/1264 1227/1420/1271
f 1204/1395/1246 1218/1410/1261 1228/1419/1270 1229/1421/1272
f 1229/1421/1272 1230/1422/1273 1203/1396/1247 1204/1395/1246
f 1232/1423/1274 1231/1424/1275 1228/1419/1270 1227/1420/1271
f 1231/1424/1275 1233/1425/1276 1229/1421/1272 1228/1419/1270
f 1229/1421/1272 1233/1425/1276 1234/1426/1277 1230/1422/1273
f 1235/1427/1278 1222/1414/1265 1223/1415/1266
f 1235/1427/1278 1223/1415/1266 1224/1416/1267 1236/1428/1279
f 1225/1417/1268 1237/1429/1280 1236/1428/1279 1224/1416/1267
f 1226/1418/1269 1237/1429/1280 1225/1417/1268
f 1239/1430/1281 1238/1431/1282 1227/1420/1271 1221/1413/1264
f 1240/1432/1283 1232/1423/1274 1227/1420/1271 1238/1431/1282
f 1226/1418/1269 1211/1402/1253 1241/1433/1284
f 1226/1418/1269 1241/1433/1284 1242/1434/1285 1237/1429/1280
f 1202/1394/1245 1243/1435/1286 1201/1392/1243
f 1241/1433/1284 1244/1436/1287 1242/1434/1285
f 1241/1433/1284 1215/1407/1258 1243/1435/1286
f 1200/1437/1244 1209/1438/1252 1246/1439/1288 1245/1440/1289
f 1247/1441/1290 1246/1439/1288 1209/1438/1252 1208/1442/1251
f 1248/1443/1291 1247/1441/1290 1208/1442/1251 1205/1444/1249
f 1206/1445/1248 1249/1446/1292 1248/1443/1291 1205/1444/1249
f 1249/1446/1292 1206/1445/1248 1207/1399/1250 1230/1422/1273
f 1222/1414/1265 1235/1427/1278 1250/1447/1293 1219/1411/1262
f 1250/1447/1293 1239/1430/1281 1220/1412/1263 1219/1411/1262
f 1239/1430/1281 1221/1413/1264 1220/1412/1263
f 1253/1448/1294 1252/1449/1295 1251/1450/1296 1254/1451/1297
f 1257/1452/1298 1256/1453/1299 1255/1454/1300 1258/1455/1301
f 1260/1456/1302 1259/1457/1303 1258/1455/1301 1255/1454/1300
f 1262/1458/1304 1261/1459/1305 1254/1451/1297 1251/1450/1296
f 1261/1459/1305 1262/1458/1304 1264/1460/1306 1263/1461/1307
f 1268/1462/1308 1267/1463/1309 1266/1464/1310 1265/1465/1311
f 1262/1466/1304 1251/1467/1296 1268/1462/1308
f 1262/1466/1304 1268/1462/1308 1264/1468/1306
f 1267/1463/1309 1270/1469/1312 1269/1470/1313 1266/1464/1310
f 1251/1467/1296 1271/1471/1314 1270/1469/1312 1267/1463/1309
f 1253/1448/1294 1273/1472/1315 1272/1473/1316 1256/1453/1299
f 1274/1474/1317 1255/1454/1300 1256/1453/1299 1272/1473/1316
f 1255/1454/1300 1274/1474/1317 1275/1475/1318 1260/1456/1302
f 1259/1457/1303 1260/1456/1302 1276/1476/1319 1277/1477/1320
f 1260/1456/1302 1275/1475/1318 1278/1478/1321 1276/1476/1319
f 1256/1453/1299 1257/1452/1298 1252/1449/1295 1253/1448/1294
f 1254/1451/1297 1279/1479/1322 1273/1472/1315 1253/1448/1294
f 1279/1479/1322 1254/1451/1297 1261/1459/1305 1280/1480/1323
f 1282/1481/1324 1281/1482/1325 1252/1483/1295 1257/1484/1298
f 1281/1482/1325 1282/1481/1324 1284/1485/1326 1283/1486/1327
f 1252/1483/1295 1281/1482/1325 1271/1471/1314 1251/1467/1296
f 1276/1476/1319 1278/1478/1321 1286/1487/1328 1285/1488/1329
f 1277/1477/1320 1276/1476/1319 1285/1488/1329 1287/1489/1330
f 1257/1484/1298 1258/1490/1301 1288/1491/1331 1282/1481/1324
f 1289/1492/1332 1284/1485/1326 1282/1481/1324 1288/1491/1331
f 1258/1490/1301 1259/1493/1303 1290/1494/1333 1288/1491/1331
f 1288/1491/1331 1290/1494/1333 1291/1495/1334 1289/1492/1332
f 1259/1493/1303 1277/1496/1320 1292/1497/1335 1290/1494/1333
f 1293/1498/1336 1291/1495/1334 1290/1494/1333 1292/1497/1335
f 1263/1461/1307 1294/1499/1337 1280/1480/1323 1261/1459/1305
f 1272/1473/1316 1296/1500/1338 1295/1501/1339 1274/1474/1317
f 1274/1474/1317 1295/1501/1339 1297/1502/1340 1275/1475/1318
f 1297/1502/1340 1298/1503/1341 1278/1478/1321 1275/1475/1318
f 1298/1503/1341 1299/1504/1342 1286/1487/1328 1278/1478/1321
f 1273/1472/1315 1300/1505/1343 1296/1500/1338 1272/1473/1316
f 1300/1505/1343 1273/1472/1315 1279/1479/1322 1301/1506/1344
f 1301/1506/1344 1279/1479/1322 1280/1480/1323 1302/1507/1345
f 1303/1508/1346 1293/1498/1336 1292/1497/1335 1304/1509/1347
f 1304/1509/1347 1305/1510/1348 1306/1511/1349 1303/1508/1346
f 1306/1511/1349 1305/1510/1348 1307/1512/1350 1308/1513/1351
f 1309/1514/1352 1308/1513/1351 1307/1512/1350 1310/1515/1353
f 1310/1515/1353 1312/1516/1354 1311/1517/1355 1309/1514/1352
f 1314/1518/1356 1313/1519/1357 1311/1517/1355 1312/1516/1354
f 1314/1518/1356 1316/1520/1358 1315/1521/1359 1313/1519/1357
f 1316/1520/1358 1318/1522/1360 1317/1523/1361 1315/1521/1359
f 1319/1524/1362 1317/1523/1361 1318/1522/1360 1320/1525/1363
f 1320/1525/1363 1322/1526/1364 1321/1527/1365 1319/1524/1362
f 1324/1528/1366 1323/1529/1367 1321/1527/1365 1322/1526/1364
f 1326/1530/1368 1325/1531/1369 1323/1529/1367 1324/1528/1366
f 1325/1531/1369 1326/1530/1368 1328/1532/1370 1327/1533/1371
f 1327/1533/1371 1328/1532/1370 1330/1534/1372 1329/1535/1373
f 1330/1534/1372 1328/1532/1370 1123/1536/1168 1124/1537/1170
f 1330/1534/1372 1332/1538/1374 1331/1539/1375 1329/1535/1373
f 1330/1534/1372 1124/1537/1170 1127/1540/1172 1332/1538/1374
f 1333/1541/1376 1128/1542/1174 1130/1543/1176 1334/1544/1377
f 1334/1544/1377 1130/1543/1176 1137/1545/1183 1335/1546/1378
f 1156/1547/1199 1336/1548/1379 1335/1546/1378 1137/1545/1183
f 1336/1548/1379 1156/1547/1199 1141/1549/1184 1337/1550/1380
f 1142/480/239 1338/479/442 1337/1550/1380 1141/1549/1184
f 1332/1538/1374 1127/1540/1172 1128/1542/1174 1333/1541/1376
f 1332/1538/1374 1339/1551/1381 1340/1552/1382 1331/1539/1375
f 1339/1551/1381 1332/1538/1374 1333/1541/1376
f 1340/1552/1382 1339/1551/1381 1342/1553/1383 1341/1554/1384
f 1342/1553/1383 1343/1555/1385 1344/1556/1386 1341/1554/1384
f 1345/1557/1387 1344/1556/1386 1343/1555/1385 1271/1471/1314
f 1270/1469/1312 1271/1471/1314 1343/1555/1385
f 1270/1469/1312 1343/1555/1385 1346/1558/1388 1269/1470/1313
f 1347/1559/1389 1342/1553/1383 1339/1551/1381 1333/1541/1376
f 1346/1558/1388 1343/1555/1385 1342/1553/1383 1347/1559/1389
f 1349/1560/1390 1348/1561/1391 1331/1562/1375 1340/1563/1382
f 1341/1564/1384 1350/1565/1392 1349/1560/1390 1340/1563/1382
f 1344/1566/1386 1351/1567/1393 1350/1565/1392 1341/1564/1384
f 1345/1568/1387 1351/1567/1393 1344/1566/1386
f 1352/1569/1394 1351/1567/1393 1345/1568/1387 1283/1570/1327
f 1348/1561/1391 1329/1571/1373 1331/1562/1375
f 1329/1571/1373 1348/1561/1391 1353/1572/1395 1327/1573/1371
f 1348/1561/1391 1349/1560/1390 1354/1574/1396 1353/1572/1395
f 1350/1565/1392 1355/1575/1397 1354/1574/1396 1349/1560/1390
f 1351/1567/1393 1352/1569/1394 1355/1575/1397 1350/1565/1392
f 1356/1576/1398 1352/1569/1394 1283/1570/1327 1284/1577/1326
f 1327/1573/1371 1353/1572/1395 1357/1578/1399 1325/1579/1369
f 1358/1580/1400 1357/1578/1399 1353/1572/1395 1354/1574/1396
f 1355/1575/1397 1359/1581/1401 1358/1580/1400 1354/1574/1396
f 1359/1581/1401 1355/1575/1397 1352/1569/1394 1356/1576/1398
f 1360/1582/1402 1356/1576/1398 1284/1577/1326 1289/1583/1332
f 1361/1584/1403 1359/1581/1401 1356/1576/1398 1360/1582/1402
f 1362/1585/1404 1358/1580/1400 1359/1581/1401 1361/1584/1403
f 1363/1586/1405 1357/1578/1399 1358/1580/1400 1362/1585/1404
f 1364/1587/1406 1323/1588/1367 1325/1579/1369 1357/1578/1399
f 1364/1587/1406 1357/1578/1399 1363/1586/1405
f 1365/1589/1407 1321/1590/1365 1323/1588/1367 1364/1587/1406
f 1366/1591/1408 1319/1592/1362 1321/1590/1365 1365/1589/1407
f 1367/1593/1409 1365/1589/1407 1364/1587/1406 1363/1586/1405
f 1365/1589/1407 1367/1593/1409 1368/1594/1410 1366/1591/1408
f 1367/1593/1409 1363/1586/1405 1362/1585/1404 1369/1595/1411
f 1367/1593/1409 1369/1595/1411 1370/1596/1412 1368/1594/1410
f 1361/1584/1403 1371/1597/1413 1369/1595/1411 1362/1585/1404
f 1370/1596/1412 1369/1595/1411 1371/1597/1413 1372/1598/1414
f 1373/1599/1415 1360/1582/1402 1289/1583/1332 1291/1600/1334
f 1291/1600/1334 1293/1601/1336 1374/1602/1416 1373/1599/1415
f 1371/1597/1413 1361/1584/1403 1360/1582/1402 1373/1599/1415
f 1376/1603/1417 1375/1604/1418 1263/1461/1307 1264/1460/1306
f 1375/1604/1418 1377/1605/1419 1294/1499/1337 1263/1461/1307
f 1277/1496/1320 1287/1606/1330 1378/1607/1420 1292/1497/1335
f 1304/1509/1347 1292/1497/1335 1378/1607/1420
f 1380/1608/1421 1379/1609/1422 1378/1607/1420 1287/1606/1330
f 1381/1610/1423 1380/1611/1421 1287/1489/1330 1285/1488/1329
f 1304/1509/1347 1378/1607/1420 1379/1609/1422 1305/1510/1348
f 1382/1612/1424 1317/1613/1361 1319/1592/1362 1366/1591/1408
f 1366/1591/1408 1368/1594/1410 1383/1614/1425 1382/1612/1424
f 1385/1615/1426 1317/1613/1361 1382/1612/1424 1384/1616/1427
f 1368/1594/1410 1370/1596/1412 1386/1617/1428 1383/1614/1425
f 1386/1617/1428 1388/1618/1429 1387/1619/1430 1383/1614/1425
f 1372/1598/1414 1389/1620/1431 1386/1617/1428 1370/1596/1412
f 1293/1601/1336 1303/1621/1346 1390/1622/1432 1374/1602/1416
f 1391/1623/1433 1390/1622/1432 1303/1621/1346 1306/1624/1349
f 1392/1625/1434 1391/1623/1433 1306/1624/1349 1308/1626/1351
f 1389/1620/1431 1393/1627/1435 1388/1618/1429 1386/1617/1428
f 1308/1626/1351 1309/1628/1352 1394/1629/1436 1392/1625/1434
f 1395/1630/1437 1394/1629/1436 1309/1628/1352 1311/1631/1355
f 1311/1632/1355 1313/1633/1357 1396/1634/1438 1395/1635/1437
f 1397/1636/1439 1396/1634/1438 1313/1633/1357 1315/1637/1359
f 1315/1637/1359 1317/1613/1361 1385/1615/1426 1397/1636/1439
f 1399/1638/1440 1398/1639/1441 1397/1636/1439 1385/1615/1426
f 1384/1616/1427 1400/1640/1442 1399/1638/1440 1385/1615/1426
f 1387/1619/1430 1401/1641/1443 1400/1640/1442 1384/1616/1427
f 1388/1618/1429 1402/1642/1444 1401/1641/1443 1387/1619/1430
f 1393/1627/1435 1403/1643/1445 1402/1642/1444 1388/1618/1429
f 1404/1644/1446 1372/1598/1414 1371/1597/1413 1373/1599/1415
f 1373/1599/1415 1374/1602/1416 1404/1644/1446
f 1389/1620/1431 1372/1598/1414 1404/1644/1446 1405/1645/1447
f 1393/1627/1435 1389/1620/1431 1405/1645/1447 1406/1646/1448
f 1403/1643/1445 1393/1627/1435 1406/1646/1448 1407/1647/1449
f 1374/1602/1416 1408/1648/1450 1405/1645/1447 1404/1644/1446
f 1408/1648/1450 1409/1649/1451 1406/1646/1448 1405/1645/1447
f 1409/1649/1451 1410/1650/1452 1407/1647/1449 1406/1646/1448
f 1408/1648/1450 1374/1602/1416 1390/1622/1432
f 1409/1649/1451 1408/1648/1450 1390/1622/1432 1411/1651/1453
f 1411/1651/1453 1390/1622/1432 1391/1623/1433
f 1391/1623/1433 1392/1625/1434 1412/1652/1454 1411/1651/1453
f 1410/1650/1452 1409/1649/1451 1411/1651/1453 1413/1653/1455
f 1413/1653/1455 1411/1651/1453 1412/1652/1454
f 1392/1625/1434 1394/1629/1436 1414/1654/1456 1412/1652/1454
f 1394/1629/1436 1395/1630/1437 1415/1655/1457 1414/1654/1456
f 1395/1635/1437 1396/1634/1438 1416/1656/1458 1415/1657/1457
f 1396/1634/1438 1397/1636/1439 1398/1639/1441 1416/1656/1458
f 1417/1658/1459 1121/1659/1165 1123/1536/1168 1328/1532/1370
f 1419/1660/1460 1418/1661/523 1079/1662/174 1080/1663/1126
f 1120/1664/1166 1420/1665/1461 1419/1660/1460 1080/1663/1126
f 1121/1659/1165 1417/1658/1459 1420/1665/1461 1120/1664/1166
f 1417/1658/1459 1328/1532/1370 1326/1530/1368
f 1417/1658/1459 1326/1530/1368 1324/1528/1366 1420/1665/1461
f 1421/1666/1462 1420/1665/1461 1324/1528/1366 1322/1526/1364
f 1418/1661/523 1419/1660/1460 1422/1667/1463 1423/1668/526
f 1419/1660/1460 1420/1665/1461 1421/1666/1462 1422/1667/1463
f 1424/1669/1464 1421/1666/1462 1322/1526/1364 1320/1525/1363
f 1423/1668/526 1422/1667/1463 1426/1670/1465 1425/1671/529
f 1422/1667/1463 1421/1666/1462 1424/1669/1464 1426/1670/1465
f 1320/1525/1363 1318/1522/1360 1427/1672/1466 1424/1669/1464
f 493/1673/532 1425/1671/529 1426/1670/1465 1427/1672/1466
f 1427/1672/1466 1428/1674/1467 1429/1675/533 493/1673/532
f 1318/1522/1360 1316/1520/1358 1428/1674/1467 1427/1672/1466
f 1430/1676/535 1429/1675/533 1428/1674/1467 1431/1677/1468
f 1431/1677/1468 1428/1674/1467 1316/1520/1358 1314/1518/1356
f 1432/1678/537 1430/1676/535 1431/1677/1468 1433/1679/1469
f 1433/1679/1469 1431/1677/1468 1314/1518/1356 1312/1516/1354
f 1433/1679/1469 1435/1680/1470 1434/1681/539 1432/1678/537
f 1435/1680/1470 1433/1679/1469 1312/1516/1354 1310/1515/1353
f 1310/1515/1353 1307/1512/1350 1436/1682/1471 1435/1680/1470
f 1435/1680/1470 1436/1682/1471 1437/1683/542 1434/1681/539
f 1438/1684/1472 1436/1682/1471 1307/1512/1350 1305/1510/1348
f 1379/1609/1422 1439/1685/1473 1438/1684/1472 1305/1510/1348
f 1437/1683/542 1436/1682/1471 1440/1686/1474 502/1687/546
f 1440/1686/1474 1436/1682/1471 1438/1684/1472
f 1438/1684/1472 1439/1685/1473 1441/1688/1475 1440/1686/1474
f 1442/1689/548 502/1687/546 1440/1686/1474 1441/1688/1475
f 1379/1609/1422 1380/1608/1421 1443/1690/1476 1439/1685/1473
f 1443/1690/1476 1445/1691/1477 1444/1692/1478 1439/1685/1473
f 1446/1693/552 1442/1689/548 1441/1688/1475 1447/1694/1479
f 1441/1688/1475 1439/1685/1473 1444/1692/1478 1447/1694/1479
f 1446/1693/552 1447/1694/1479 1448/1695/1480 508/1696/554
f 1450/1697/1481 1444/1692/1478 1445/1691/1477 1449/1698/1482
f 1448/1695/1480 1447/1694/1479 1444/1692/1478 1450/1697/1481
f 1294/1499/1337 1451/1699/1483 1302/1507/1345 1280/1480/1323
f 1377/1605/1419 1452/1700/1484 1451/1699/1483 1294/1499/1337
f 1456/1701/1485 1455/1702/1486 1454/1703/1487 1453/1704/1488
f 1458/1705/1489 1454/1703/1487 1455/1702/1486 1457/1706/1490
f 1457/1706/1490 1460/1707/1491 1459/1708/1492 1458/1705/1489
f 1462/1709/1493 1461/1710/1494 1459/1708/1492 1460/1707/1491
f 1453/1704/1488 1464/1711/1495 1463/1712/1496 1456/1701/1485
f 1464/1711/1495 1466/1713/1497 1465/1714/1498 1463/1712/1496
f 1468/1715/1499 1465/1714/1498 1466/1713/1497 1467/1716/1500
f 1467/1716/1500 1470/1717/1501 1469/1718/1502 1468/1715/1499
f 1472/1719/1503 1471/1720/1504 1461/1710/1494 1462/1709/1493
f 1458/1705/1489 1474/1721/1505 1473/1722/1506 1454/1703/1487
f 1459/1708/1492 1475/1723/1507 1474/1721/1505 1458/1705/1489
f 1459/1708/1492 1461/1710/1494 1475/1723/1507
f 1453/1704/1488 1454/1703/1487 1473/1722/1506 1476/1724/1508
f 1464/1711/1495 1453/1704/1488 1476/1724/1508 1477/1725/1509
f 1465/1714/1498 1479/1726/1510 1478/1727/1511 1463/1712/1496
f 1480/1728/1512 1456/1701/1485 1463/1712/1496 1478/1727/1511
f 1456/1701/1485 1480/1728/1512 1481/1729/1513 1455/1702/1486
f 1457/1706/1490 1455/1702/1486 1481/1729/1513 1482/1730/1514
f 1465/1714/1498 1468/1715/1499 1483/1731/1515 1479/1726/1510
f 1482/1730/1514 1484/1732/1516 1460/1707/1491 1457/1706/1490
f 1484/1732/1516 1485/1733/1517 1462/1709/1493 1460/1707/1491
f 1462/1709/1493 1485/1733/1517 1486/1734/1518 1472/1719/1503
f 1485/1733/1517 1484/1732/1516 1487/1735/1519 1488/1736/1520
f 1486/1734/1518 1485/1733/1517 1488/1736/1520 1489/1737/1521
f 1484/1732/1516 1482/1730/1514 1490/1738/1522 1487/1735/1519
f 1482/1730/1514 1481/1729/1513 1491/1739/1523 1490/1738/1522
f 1480/1728/1512 1492/1740/1524 1491/1739/1523 1481/1729/1513
f 1478/1727/1511 1493/1741/1525 1492/1740/1524 1480/1728/1512
f 1493/1741/1525 1478/1727/1511 1479/1726/1510 1494/1742/1526
f 1496/1743/1527 1486/1734/1518 1489/1737/1521 1495/1744/1528
f 1472/1719/1503 1486/1734/1518 1496/1743/1527 1497/1745/1529
f 1497/1745/1529 1498/1746/1530 1471/1720/1504 1472/1719/1503
f 1500/1747/1531 1499/1748/1532 1496/1743/1527 1495/1744/1528
f 1499/1748/1532 1501/1749/1533 1497/1745/1529 1496/1743/1527
f 1497/1745/1529 1501/1749/1533 1502/1750/1534 1498/1746/1530
f 1503/1751/1535 1490/1738/1522 1491/1739/1523
f 1504/1752/1536 1503/1751/1535 1491/1739/1523 1492/1740/1524
f 1493/1741/1525 1505/1753/1537 1504/1752/1536 1492/1740/1524
f 1494/1742/1526 1506/1754/1538 1505/1753/1537 1493/1741/1525
f 1508/1755/1539 1507/1756/1540 1495/1744/1528 1489/1737/1521
f 1500/1747/1531 1495/1744/1528 1507/1756/1540 1509/1757/1541
f 1494/1742/1526 1479/1726/1510 1483/1731/1515 1510/1758/1542
f 1506/1754/1538 1494/1742/1526 1510/1758/1542 1511/1759/1543
f 1512/1760/1544 1483/1731/1515 1468/1715/1499 1469/1718/1502
f 1513/1761/1545 1511/1759/1543 1510/1758/1542 1512/1760/1544
f 1510/1758/1542 1483/1731/1515 1512/1760/1544
f 1467/1762/1500 1477/1763/1509 1514/1764/1546 1470/1765/1501
f 1515/1766/1547 1514/1764/1546 1477/1763/1509 1476/1767/1508
f 1473/1768/1506 1516/1769/1548 1515/1766/1547 1476/1767/1508
f 1474/1770/1505 1517/1771/1549 1516/1769/1548 1473/1768/1506
f 1517/1771/1549 1474/1770/1505 1475/1772/1507 1498/1746/1530
f 1490/1738/1522 1503/1751/1535 1518/1773/1550 1487/1735/1519
f 1518/1773/1550 1508/1755/1539 1488/1736/1520 1487/1735/1519
f 1508/1755/1539 1489/1737/1521 1488/1736/1520
f 1347/1559/1389 1333/1541/1376 1334/1544/1377 1519/1774/1551
f 1337/1550/1380 1338/479/442 1520/705/627 1521/1775/1552
f 1337/1550/1380 1521/1775/1552 1522/1776/1553 1336/1548/1379
f 1523/1777/1554 1335/1546/1378 1336/1548/1379 1522/1776/1553
f 1335/1546/1378 1523/1777/1554 1519/1774/1551 1334/1544/1377
f 1521/1775/1552 1520/705/627 1525/710/632 1524/1778/1555
f 1526/1779/1556 1522/1776/1553 1521/1775/1552 1524/1778/1555
f 1522/1776/1553 1526/1779/1556 1527/1780/1557 1523/1777/1554
f 1523/1777/1554 1527/1780/1557 1528/1781/1558 1519/1774/1551
f 1519/1774/1551 1528/1781/1558 1346/1558/1388 1347/1559/1389
f 1528/1781/1558 1529/1782/1559 1269/1470/1313 1346/1558/1388
f 1527/1780/1557 1530/1783/1560 1529/1782/1559 1528/1781/1558
f 1530/1783/1560 1527/1780/1557 1526/1779/1556 1531/1784/1561
f 1526/1779/1556 1524/1778/1555 1532/1785/1562 1531/1784/1561
f 1533/718/640 1532/1785/1562 1524/1778/1555 1525/710/632
f 1533/718/640 595/720/642 1534/1786/1563 1532/1785/1562
f 1532/1785/1562 1534/1786/1563 1535/1787/1564 1531/1784/1561
f 1531/1784/1561 1535/1787/1564 1536/1788/1565 1530/1783/1560
f 1537/1789/1566 1529/1782/1559 1530/1783/1560 1536/1788/1565
f 1529/1782/1559 1537/1789/1566 1266/1464/1310 1269/1470/1313
f 595/720/642 600/725/647 1538/1790/1567 1534/1786/1563
f 1534/1786/1563 1538/1790/1567 1539/1791/1568 1535/1787/1564
f 1535/1787/1564 1539/1791/1568 1540/1792/1569 1536/1788/1565
f 1536/1788/1565 1540/1792/1569 1541/1793/1570 1537/1789/1566
f 1537/1789/1566 1541/1793/1570 1265/1465/1311 1266/1464/1310
f 1542/1794/1571 1538/1790/1567 600/725/647 605/730/652
f 1543/1795/1572 1539/1791/1568 1538/1790/1567 1542/1794/1571
f 1539/1791/1568 1543/1795/1572 1544/1796/1573 1540/1792/1569
f 1545/1797/1574 1541/1793/1570 1540/1792/1569 1544/1796/1573
f 1541/1793/1570 1545/1797/1574 1264/1468/1306 1265/1465/1311
f 1543/1795/1572 1547/1798/1575 1546/1799/1576 1544/1796/1573
f 1548/1800/1577 1545/1797/1574 1544/1796/1573 1546/1799/1576
f 1376/1801/1417 1264/1468/1306 1545/1797/1574 1548/1800/1577
f 1549/1802/1578 610/741/662 611/740/661 1550/1803/1579
f 1551/1804/1580 1549/1802/1578 1550/1803/1579 1552/1805/1581
f 1554/1806/1582 1553/1807/1583 1551/1804/1580 1552/1805/1581
f 1556/1808/1584 1555/1809/1585 1553/1807/1583 1554/1806/1582
f 1558/1810/1586 1557/1811/1587 1555/1809/1585 1556/1808/1584
f 1557/1811/1587 1558/1810/1586 1560/1812/1588 1559/1813/1589
f 1559/1813/1589 1560/1812/1588 1562/1814/1590 1561/1815/1591
f 1562/1814/1590 1563/1816/676 626/1817/675 1561/1815/1591
f 1564/1818/1592 1556/1808/1584 1554/1806/1582 1565/1819/1593
f 1556/1808/1584 1564/1818/1592 1566/1820/1594 1558/1810/1586
f 1567/1821/1595 1560/1812/1588 1558/1810/1586 1566/1820/1594
f 1560/1812/1588 1567/1821/1595 1568/1822/1596 1562/1814/1590
f 1563/1816/676 1562/1814/1590 1568/1822/1596 1569/1823/682
f 1554/1806/1582 1552/1805/1581 1570/1824/1597 1565/1819/1593
f 1552/1805/1581 1550/1803/1579 1571/1825/1598 1570/1824/1597
f 634/764/685 1571/1825/1598 1550/1803/1579 611/740/661
f 1572/1826/1599 1571/1825/1598 634/764/685 636/766/687
f 1574/1827/1600 1573/1828/1601 1570/1824/1597 1571/1825/1598
f 1574/1827/1600 1571/1825/1598 1572/1826/1599
f 1565/1819/1593 1570/1824/1597 1573/1828/1601 1575/1829/1602
f 1575/1829/1602 1576/1830/1603 1564/1818/1592 1565/1819/1593
f 1576/1830/1603 1577/1831/1604 1566/1820/1594 1564/1818/1592
f 1566/1820/1594 1577/1831/1604 1578/1832/1605 1567/1821/1595
f 1579/1833/1606 1568/1822/1596 1567/1821/1595 1578/1832/1605
f 1569/1823/682 1568/1822/1596 1579/1833/1606 1580/1834/695
f 1579/1833/1606 1581/1835/1607 644/1836/696 1580/1834/695
f 1578/1832/1605 1582/1837/1608 1581/1835/1607 1579/1833/1606
f 1583/1838/1609 1582/1837/1608 1578/1832/1605 1577/1831/1604
f 1577/1831/1604 1576/1830/1603 1584/1839/1610 1583/1838/1609
f 1586/1840/1611 1585/1841/1612 1583/1838/1609 1584/1839/1610
f 1583/1838/1609 1585/1841/1612 1587/1842/1613 1582/1837/1608
f 1582/1837/1608 1587/1842/1613 1588/1843/1614 1581/1835/1607
f 649/1844/705 644/1836/696 1581/1835/1607 1588/1843/1614
f 1576/1830/1603 1575/1829/1602 1589/1845/1615 1584/1839/1610
f 1584/1839/1610 1589/1845/1615 1590/1846/1616 1586/1840/1611
f 1591/1847/1617 1589/1845/1615 1575/1829/1602 1573/1828/1601
f 1591/1847/1617 1590/1846/1616 1589/1845/1615
f 1572/1826/1599 636/766/687 657/789/710 1592/1848/1618
f 1574/1827/1600 1572/1826/1599 1592/1848/1618 1593/1849/1619
f 1573/1828/1601 1574/1827/1600 1593/1849/1619 1591/1847/1617
f 1590/1846/1616 1591/1847/1617 1594/1850/1620
f 1588/1843/1614 1596/1851/1621 1595/1852/713 649/1844/705
f 1597/1853/715 1595/1852/713 1596/1851/1621 1598/1854/1622
f 1597/1853/715 1598/1854/1622 1599/1855/1623 1600/1856/717
f 1602/1857/1624 1601/1858/720 1600/1856/717 1599/1855/1623
f 1596/1851/1621 1588/1843/1614 1587/1842/1613 1603/1859/1625
f 1603/1859/1625 1587/1842/1613 1585/1841/1612 1604/1860/1626
f 1598/1854/1622 1596/1851/1621 1603/1859/1625 1605/1861/1627
f 1605/1861/1627 1603/1859/1625 1604/1860/1626 1606/1862/1628
f 1605/1861/1627 1607/1863/1629 1599/1855/1623 1598/1854/1622
f 1606/1862/1628 1608/1864/1630 1607/1863/1629 1605/1861/1627
f 1607/1863/1629 1609/1865/1631 1602/1857/1624 1599/1855/1623
f 1608/1864/1630 1610/1866/1632 1609/1865/1631 1607/1863/1629
f 1586/1840/1611 1611/1867/1633 1606/1862/1628 1604/1860/1626
f 1590/1846/1616 1611/1867/1633 1586/1840/1611
f 1590/1846/1616 1594/1850/1620 1612/1868/1634 1611/1867/1633
f 1608/1864/1630 1606/1862/1628 1611/1867/1633 1612/1868/1634
f 1610/1866/1632 1608/1864/1630 1612/1868/1634 1613/1869/1635
f 1613/1869/1635 1612/1868/1634 1594/1850/1620 1614/1870/1636
f 1591/1847/1617 1615/1871/1637 1614/1870/1636 1594/1850/1620
f 1593/1849/1619 1615/1871/1637 1591/1847/1617
f 1616/1872/734 1601/1858/720 1602/1857/1624 1617/1873/1638
f 1609/1865/1631 1618/1874/1639 1617/1873/1638 1602/1857/1624
f 1618/1874/1639 1609/1865/1631 1610/1866/1632 1619/1875/1640
f 1619/1875/1640 1610/1866/1632 1613/1869/1635 1620/1876/1641
f 1620/1876/1641 1613/1869/1635 1614/1870/1636 1621/1877/1642
f 1621/1877/1642 1614/1870/1636 1615/1871/1637 1622/1878/1643
f 1615/1871/1637 1593/1849/1619 1623/1879/1644 1622/1878/1643
f 1624/1880/742 1616/1872/734 1617/1873/1638 1625/1881/1645
f 1625/1881/1645 1617/1873/1638 1618/1874/1639 1626/1882/1646
f 1619/1875/1640 1627/1883/1647 1626/1882/1646 1618/1874/1639
f 1620/1876/1641 1628/1884/1648 1627/1883/1647 1619/1875/1640
f 1629/1885/1649 689/1886/747 1624/1880/742 1625/1881/1645
f 1629/1885/1649 1625/1881/1645 1626/1882/1646 1630/1887/1650
f 1631/1888/1651 1630/1887/1650 1627/1883/1647
f 1621/1877/1642 1632/1889/1652 1628/1884/1648 1620/1876/1641
f 1622/1878/1643 1633/1890/1653 1632/1889/1652 1621/1877/1642
f 1627/1883/1647 1628/1884/1648 1631/1888/1651
f 1631/1888/1651 1628/1884/1648 1632/1889/1652 1634/1891/1654
f 1634/1891/1654 1632/1889/1652 1633/1890/1653 1635/1892/1655
f 1629/1885/1649 1637/1893/1656 1636/1894/755 689/1886/747
f 1630/1887/1650 1638/1895/1657 1637/1893/1656 1629/1885/1649
f 1639/1896/758 1636/1894/755 1637/1893/1656 1640/1897/1658
f 1641/1898/1659 1640/1897/1658 1637/1893/1656 1638/1895/1657
f 1643/1899/1660 1642/1900/1661 1640/1897/1658 1641/1898/1659
f 1640/1897/1658 1642/1900/1661 1644/1901/763 1639/1896/758
f 1645/1902/1662 1630/1887/1650 1631/1888/1651
f 1646/1903/1663 1641/1898/1659 1638/1895/1657 1645/1902/1662
f 1647/1904/1664 1643/1899/1660 1641/1898/1659 1646/1903/1663
f 1635/1892/1655 1647/1904/1664 1646/1903/1663 1634/1891/1654
f 1645/1902/1662 1631/1888/1651 1634/1891/1654 1646/1903/1663
f 1648/1905/767 1644/1901/763 1642/1900/1661 1649/1906/1665
f 1643/1899/1660 1650/1907/1666 1649/1906/1665 1642/1900/1661
f 1643/1899/1660 1647/1904/1664 1651/1908/1667 1650/1907/1666
f 1647/1904/1664 1635/1892/1655 1652/1909/1668 1651/1908/1667
f 1653/1910/1669 1652/1909/1668 1635/1892/1655 1633/1890/1653
f 1622/1878/1643 1623/1879/1644 1653/1910/1669 1633/1890/1653
f 1655/1911/1670 1654/853/774 711/1912/773 1656/1913/1671
f 1658/1914/1672 1655/1911/1670 1657/1915/1673
f 1654/853/774 1655/1911/1670 716/858/779
f 717/1916/781 1659/1917/1674 1656/1913/1671 711/1912/773
f 1649/1906/1665 1659/1917/1674 717/1916/781 1648/1905/767
f 1650/1907/1666 1660/1918/1675 1659/1917/1674 1649/1906/1665
f 1657/1915/1673 1656/1913/1671 1659/1917/1674 1660/1918/1675
f 1651/1908/1667 1652/1909/1668 1661/1919/1676 1660/1918/1675
f 1657/1915/1673 1660/1918/1675 1661/1919/1676
f 1662/1920/1677 1661/1919/1676 1652/1909/1668 1653/1910/1669
f 1663/1921/1678 1657/1915/1673 1661/1919/1676 1662/1920/1677
f 1658/1914/1672 1657/1915/1673 1663/1921/1678
f 1623/1879/1644 1664/1922/1679 1662/1920/1677 1653/1910/1669
f 1592/1848/1618 1664/1922/1679 1593/1849/1619
f 1663/1921/1678 1662/1920/1677 1664/1922/1679 1665/1923/1680
f 1663/1921/1678 1665/1923/1680 1666/1924/1681 1658/1914/1672
f 1592/1848/1618 1665/1923/1680 1664/1922/1679
f 657/789/710 726/868/789 1665/1923/1680 1592/1848/1618
f 1665/1923/1680 726/868/789 1666/1924/1681
f 1667/869/790 1658/1914/1672 1666/1924/1681 727/870/791
f 716/858/779 1658/1914/1672 1667/869/790
f 1664/1922/1679 1623/1879/1644 1593/1849/1619
f 1295/1501/1339 1668/1925/1682 1669/1926/1683 1297/1502/1340
f 1295/1501/1339 1296/1500/1338 1668/1925/1682
f 1300/1505/1343 1670/1927/1684 1296/1500/1338
f 1302/1507/1345 1670/1927/1684 1301/1506/1344
f 1674/1928/1685 1673/1929/1686 1672/1930/1687 1671/1931/1688
f 1452/1700/1484 1674/1928/1685 1671/1931/1688 1451/1699/1483
f 1675/1932/1689 1452/1700/1484 1377/1605/1419 1676/1933/1690
f 1676/1933/1690 1377/1605/1419 1375/1604/1418
f 1674/1928/1685 1452/1700/1484 1675/1932/1689 1677/1934/1691
f 1542/1794/1571 605/730/652 609/882/803 1678/1935/1692
f 1547/1798/1575 1543/1795/1572 1542/1794/1571 1678/1935/1692
f 1679/1936/1693 1547/1798/1575 1678/1935/1692 1680/1937/1694
f 1681/1938/1695 1546/1799/1576 1547/1798/1575 1679/1936/1693
f 1681/1938/1695 1682/1939/1696 1548/1800/1577 1546/1799/1576
f 1682/1939/1696 1376/1801/1417 1548/1800/1577
f 1375/1604/1418 1376/1603/1417 1682/1940/1696 1676/1933/1690
f 1549/1941/1578 1684/1942/1697 1683/890/808 610/889/662
f 1684/1942/1697 1549/1941/1578 1551/1943/1580 1685/1944/1698
f 1553/1945/1583 1686/1946/1699 1685/1944/1698 1551/1943/1580
f 1687/1947/1700 1686/1946/1699 1553/1945/1583 1555/1948/1585
f 1555/1948/1585 1557/1949/1587 1688/1950/1701 1687/1947/1700
f 1557/1949/1587 1559/1951/1589 1689/1952/1702 1688/1950/1701
f 1559/1951/1589 1561/1953/1591 1690/1954/1703 1689/1952/1702
f 1561/1953/1591 626/1955/675 751/1956/816 1690/1954/1703
f 1684/1942/1697 1692/1957/1704 1691/1958/1705 1683/890/808
f 1680/1937/1694 1691/1958/1705 1692/1957/1704 1679/1936/1693
f 1693/1959/1706 1692/1957/1704 1684/1942/1697 1685/1944/1698
f 1692/1957/1704 1693/1959/1706 1681/1938/1695 1679/1936/1693
f 1685/1944/1698 1686/1946/1699 1694/1960/1707 1693/1959/1706
f 1693/1959/1706 1694/1960/1707 1682/1939/1696 1681/1938/1695
f 1695/1961/1708 1694/1960/1707 1686/1946/1699 1687/1947/1700
f 1676/1933/1690 1682/1940/1696 1694/1962/1707 1695/1963/1708
f 1696/1964/1709 1695/1961/1708 1687/1947/1700 1688/1950/1701
f 1688/1950/1701 1689/1952/1702 1697/1965/1710 1696/1964/1709
f 1689/1952/1702 1690/1954/1703 1698/1966/1711 1697/1965/1710
f 1695/1963/1708 1696/1967/1709 1675/1932/1689 1676/1933/1690
f 1677/1934/1691 1675/1932/1689 1696/1967/1709 1699/1968/1712
f 1677/1934/1691 1700/1969/1713 1673/1929/1686 1674/1928/1685
f 1699/1968/1712 1696/1967/1709 1697/1970/1710
f 1698/1966/1711 1701/1971/1714 1697/1965/1710
f 1669/1926/1683 1702/1972/1715 1298/1503/1341 1297/1502/1340
f 1702/1972/1715 1703/1973/1716 1299/1504/1342 1298/1503/1341
f 1296/1500/1338 1670/1927/1684 1668/1925/1682
f 1302/1507/1345 1671/1931/1688 1670/1927/1684
f 1705/1974/1717 1701/1971/1714 1698/1966/1711 1704/1975/1718
f 1706/1976/1719 1690/1954/1703 751/1956/816 760/1977/833
f 1698/1966/1711 1690/1954/1703 1706/1976/1719
f 760/1977/833 771/1978/835 1707/1979/1720 1706/1976/1719
f 1704/1975/1718 1698/1966/1711 1706/1976/1719 1707/1979/1720
f 771/1978/835 772/1980/837 1708/1981/1721 1707/1979/1720
f 1707/1979/1720 1708/1981/1721 1709/1982/1722 1704/1975/1718
f 1711/1983/1723 1704/1975/1718 1709/1982/1722 1710/1984/1724
f 772/1980/837 776/1985/842 1712/1986/1725 1708/1981/1721
f 1709/1982/1722 1708/1981/1721 1712/1986/1725 1713/1987/1726
f 1714/1988/1727 1712/1986/1725 776/1985/842 779/1989/845
f 1448/1695/1480 1714/1988/1727 779/1989/845 508/1696/554
f 1713/1987/1726 1715/1990/1728 1710/1984/1724 1709/1982/1722
f 1716/1991/1729 1443/1992/1476 1380/1611/1421 1381/1610/1423
f 1717/1993/1730 1445/1994/1477 1443/1992/1476 1716/1991/1729
f 1717/1993/1730 1718/1995/1731 1449/1996/1482 1445/1994/1477
f 1720/1997/1732 1719/1998/1733 1449/1996/1482 1718/1995/1731
f 1721/1999/1734 1715/2000/1728 1719/1998/1733 1720/1997/1732
f 1715/2000/1728 1721/1999/1734 1722/2001/1735 1710/2002/1724
f 1725/2003/1736 1724/2004/1737 1723/2005/1738 1726/2006/1739
f 1728/2007/1740 1672/1930/1687 1673/1929/1686 1727/2008/1741
f 1697/1970/1710 1701/2009/1714 1729/2010/1742 1699/1968/1712
f 1699/1968/1712 1729/2010/1742 1700/1969/1713 1677/1934/1691
f 1725/2003/1736 1705/2011/1717 1730/2012/1743 1724/2004/1737
f 1383/1614/1425 1387/1619/1430 1384/1616/1427 1382/1612/1424
f 1726/2006/1739 1700/1969/1713 1729/2010/1742 1725/2003/1736
f 1734/2013/1744 1733/2014/1745 1732/2015/1746 1731/2016/1747
f 1735/2017/1748 1732/2015/1746 1733/2014/1745 1299/1504/1342
f 1299/1504/1342 1733/2014/1745 1286/1487/1328
f 1381/1610/1423 1286/1487/1328 1733/2014/1745 1734/2013/1744
f 1716/1991/1729 1381/1610/1423 1734/2013/1744 1731/2016/1747
f 1736/2018/1749 1717/1993/1730 1716/1991/1729 1731/2016/1747
f 1736/2018/1749 1718/1995/1731 1717/1993/1730
f 1710/2002/1724 1722/2001/1735 1737/2019/1750 1711/2020/1723
f 1722/2001/1735 1739/2021/1751 1738/2022/1752 1737/2019/1750
f 1718/1995/1731 1740/2023/1753 1741/2024/1754 1720/1997/1732
f 1718/1995/1731 1736/2018/1749 1742/2025/1755 1740/2023/1753
f 1743/2026/1756 1508/1755/1539 1518/1773/1550
f 1503/1751/1535 1743/2026/1756 1518/1773/1550
f 1504/1752/1536 1744/2027/1757 1503/1751/1535
f 1735/2017/1748 1299/1504/1342 1703/1973/1716 1745/2028/1758
f 1746/2029/1759 1670/1927/1684 1671/1931/1688 1672/1930/1687
f 1668/1925/1682 1670/1927/1684 1746/2029/1759
f 1746/2029/1759 1747/2030/1760 1669/1926/1683 1668/1925/1682
f 1747/2030/1760 1746/2029/1759 1672/1930/1687 1728/2007/1740
f 1745/2028/1758 1703/1973/1716 1748/2031/1761 1749/2032/1762
f 1750/2033/1763 1748/2031/1761 1703/1973/1716 1702/1972/1715
f 1702/1972/1715 1669/1926/1683 1747/2030/1760 1750/2033/1763
f 1728/2007/1740 1751/2034/1764 1750/2033/1763 1747/2030/1760
f 1727/2008/1741 1673/1929/1686 1700/1969/1713 1726/2006/1739
f 1726/2006/1739 1723/2005/1738 1752/2035/1765 1727/2008/1741
f 1727/2008/1741 1752/2035/1765 1751/2034/1764 1728/2007/1740
f 1748/2031/1761 1750/2033/1763 1751/2034/1764 1753/2036/1766
f 1753/2036/1766 1754/2037/1767 1749/2032/1762 1748/2031/1761
f 1754/2037/1767 1753/2036/1766 1752/2035/1765 1755/2038/1768
f 1755/2038/1768 1752/2035/1765 1723/2005/1738
f 1749/2032/1762 1754/2037/1767 1757/2039/1769 1756/2040/1770
f 1761/2041/1771 1760/2042/1772 1759/2043/1773 1758/2044/1774
f 1758/2044/1774 1759/2043/1773 1763/2045/1775 1762/2046/1776
f 1730/2012/1743 1761/2041/1771 1758/2044/1774 1724/2004/1737
f 1762/2046/1776 1723/2005/1738 1724/2004/1737 1758/2044/1774
f 1723/2005/1738 1762/2046/1776 1764/2047/1777 1755/2038/1768
f 1757/2039/1769 1754/2037/1767 1755/2038/1768 1764/2047/1777
f 1763/2045/1775 1765/2048/1778 1764/2047/1777 1762/2046/1776
f 1766/2049/1779 1757/2039/1769 1764/2047/1777 1765/2048/1778
f 1720/1997/1732 1741/2024/1754 1767/2050/1780 1721/1999/1734
f 1721/1999/1734 1767/2050/1780 1739/2021/1751 1722/2001/1735
f 1768/2051/1781 1760/2052/1772 1738/2022/1752 1739/2021/1751
f 1713/1987/1726 1712/1986/1725 1714/1988/1727 1769/2053/1782
f 1448/1695/1480 1450/1697/1481 1769/2053/1782 1714/1988/1727
f 1770/2054/1783 1756/2040/1770 1757/2039/1769 1766/2049/1779
f 1749/2032/1762 1756/2040/1770 1771/2055/1784 1745/2028/1758
f 1086/1260/1132 1113/1293/1158 1085/1259/1131
f 1097/1276/1145 1851/2056/1785 1852/1361/1213
f 1172/1362/1214 1169/1358/1210 1094/1269/1141 1092/1267/1139
f 1151/1336/1194 1161/1348/1203 1153/1338/1196
f 1166/1354/1207 1173/2057/1216 1162/1349/1204
f 1345/1557/1387 1271/1471/1314 1281/1482/1325 1283/1486/1327
f 1301/1506/1344 1670/1927/1684 1300/1505/1343
f 1424/1669/1464 1427/1672/1466 1426/1670/1465
f 1451/1699/1483 1671/1931/1688 1302/1507/1345
f 1586/1840/1611 1604/1860/1626 1585/1841/1612
f 1651/1908/1667 1660/1918/1675 1650/1907/1666
f 1172/1362/1214 1170/1359/1211 1169/1358/1210
f 1170/1359/1211 1168/1356/1209 1095/1273/1144 1096/1272/1143
f 1286/1487/1328 1381/1610/1423 1285/1488/1329
f 1752/2035/1765 1753/2036/1766 1751/2034/1764
f 835/1006/903 1680/1937/1694 1678/1935/1692 609/882/803
f 1680/1937/1694 835/1006/903 836/1007/904 1691/1958/1705
f 1691/1958/1705 836/1007/904 1683/890/808
f 1742/2025/1755 1513/1761/1545 1512/1760/1544 1772/2058/1786
f 1512/1760/1544 1469/1718/1502 1772/2058/1786
f 1740/2023/1753 1742/2025/1755 1772/2058/1786
f 1469/1718/1502 1470/1717/1501 1773/2059/1787 1772/2058/1786
f 1774/2060/1788 1740/2023/1753 1772/2058/1786 1773/2059/1787
f 1774/2060/1788 1775/2061/1789 1741/2024/1754 1740/2023/1753
f 1776/2062/1790 1767/2050/1780 1741/2024/1754 1775/2061/1789
f 1767/2050/1780 1776/2062/1790 1768/2051/1781 1739/2021/1751
f 1470/1765/1501 1514/1764/1546 1777/2063/1791 1773/2064/1787
f 1778/2065/1792 1774/2066/1788 1773/2064/1787 1777/2063/1791
f 1774/2066/1788 1778/2065/1792 1779/2067/1793 1775/2068/1789
f 1780/2069/1794 1776/2070/1790 1775/2068/1789 1779/2067/1793
f 1776/2070/1790 1780/2069/1794 1781/2071/1795 1768/2072/1781
f 1768/2072/1781 1781/2071/1795 1782/2073/1796 1760/2042/1772
f 1782/2073/1796 1783/2074/1797 1759/2043/1773 1760/2042/1772
f 1784/2075/1798 1782/2073/1796 1781/2071/1795 1780/2069/1794
f 1779/2067/1793 1785/2076/1799 1784/2075/1798 1780/2069/1794
f 1786/2077/1800 1785/2076/1799 1779/2067/1793 1778/2065/1792
f 1777/2063/1791 1787/2078/1801 1786/2077/1800 1778/2065/1792
f 1477/1725/1509 1467/1716/1500 1466/1713/1497 1464/1711/1495
f 1514/1764/1546 1515/1766/1547 1787/2078/1801 1777/2063/1791
f 1743/2026/1756 1732/2015/1746 1735/2017/1748
f 1735/2017/1748 1507/1756/1540 1743/2026/1756
f 1771/2055/1784 1500/1747/1531 1509/1757/1541 1745/2028/1758
f 1731/2016/1747 1732/2015/1746 1744/2027/1757 1788/2079/1802
f 1505/1753/1537 1788/2079/1802 1744/2027/1757
f 1788/2079/1802 1506/1754/1538 1511/1759/1543 1789/2080/1803
f 1513/1761/1545 1789/2080/1803 1511/1759/1543
f 1731/2016/1747 1788/2079/1802 1789/2080/1803 1736/2018/1749
f 1513/1761/1545 1742/2025/1755 1736/2018/1749 1789/2080/1803
f 1505/1753/1537 1506/1754/1538 1788/2079/1802
f 1504/1752/1536 1505/1753/1537 1744/2027/1757
f 1503/1751/1535 1744/2027/1757 1743/2026/1756
f 1743/2026/1756 1744/2027/1757 1732/2015/1746
f 1735/2017/1748 1509/1757/1541 1507/1756/1540
f 1743/2026/1756 1507/1756/1540 1508/1755/1539
f 1745/2028/1758 1509/1757/1541 1735/2017/1748
f 1711/1983/1723 1705/1974/1717 1704/1975/1718
f 1730/2081/1743 1705/2082/1717 1711/2020/1723 1737/2019/1750
f 1761/2083/1771 1730/2081/1743 1737/2019/1750 1738/2022/1752
f 1760/2052/1772 1761/2083/1771 1738/2022/1752
f 1719/2084/1733 1769/2053/1782 1450/1697/1481 1449/1698/1482
f 1715/1990/1728 1713/1987/1726 1769/2053/1782 1719/2084/1733
f 1763/2045/1775 1759/2043/1773 1783/2074/1797 1790/2085/1804
f 1791/2086/1805 1771/2055/1784 1756/2040/1770 1770/2054/1783
f 1499/1748/1532 1771/2055/1784 1791/2086/1805 1501/1749/1533
f 1792/2087/1806 1502/1750/1534 1501/1749/1533 1791/2086/1805
f 1793/2088/1807 1792/2087/1806 1791/2086/1805 1770/2054/1783
f 1793/2088/1807 1770/2054/1783 1766/2049/1779 1794/2089/1808
f 1475/1772/1507 1461/1710/1494 1471/1720/1504 1498/1746/1530
f 1766/2049/1779 1765/2048/1778 1795/2090/1809 1794/2089/1808
f 1796/2091/1810 1502/1750/1534 1792/2087/1806 1797/2092/1811
f 1790/2085/1804 1795/2090/1809 1765/2048/1778 1763/2045/1775
f 1798/2093/1812 1786/2077/1800 1787/2078/1801 1799/2094/1813
f 1797/2092/1811 1798/2093/1812 1799/2094/1813 1796/2091/1810
f 1796/2091/1810 1517/1771/1549 1498/1746/1530 1502/1750/1534
f 1516/1769/1548 1517/1771/1549 1796/2091/1810 1799/2094/1813
f 1515/1766/1547 1516/1769/1548 1799/2094/1813 1787/2078/1801
f 1801/2095/1814 1800/2096/1815 1784/2075/1798 1785/2076/1799
f 1803/2097/1816 1802/2098/1817 1800/2096/1815 1801/2095/1814
f 1794/2089/1808 1802/2098/1817 1803/2097/1816 1793/2088/1807
f 1797/2092/1811 1792/2087/1806 1793/2088/1807 1803/2097/1816
f 1798/2093/1812 1797/2092/1811 1803/2097/1816 1801/2095/1814
f 1786/2077/1800 1798/2093/1812 1801/2095/1814 1785/2076/1799
f 1783/2074/1797 1782/2073/1796 1784/2075/1798 1800/2096/1815
f 1790/2085/1804 1783/2074/1797 1800/2096/1815 1802/2098/1817
f 1794/2089/1808 1795/2090/1809 1802/2098/1817
f 1795/2090/1809 1790/2085/1804 1802/2098/1817
f 1500/1747/1531 1771/2055/1784 1499/1748/1532
f 1804/2099/1818 1400/1640/1442 1401/1641/1443 1805/2100/1819
f 1806/2101/1820 1805/2100/1819 1401/1641/1443 1402/1642/1444
f 1402/1642/1444 1403/1643/1445 1807/2102/1821 1806/2101/1820
f 1808/2103/1822 1807/2102/1821 1403/1643/1445 1407/1647/1449
f 1808/2103/1822 1407/1647/1449 1410/1650/1452 1809/2104/1823
f 1809/2104/1823 1410/1650/1452 1413/1653/1455 1810/2105/1824
f 1412/1652/1454 1811/2106/1825 1810/2105/1824 1413/1653/1455
f 1414/1654/1456 1812/2107/1826 1811/2106/1825 1412/1652/1454
f 1812/2107/1826 1414/1654/1456 1415/1655/1457 1813/2108/1827
f 1415/1657/1457 1416/1656/1458 1814/2109/1828 1813/2110/1827
f 1416/1656/1458 1398/1639/1441 1815/2111/1829 1814/2109/1828
f 1816/2112/1830 1399/1638/1440 1400/1640/1442 1804/2099/1818
f 1816/2112/1830 1815/2111/1829 1398/1639/1441 1399/1638/1440
f 1237/1429/1280 1815/2111/1829 1816/2112/1830 1236/1428/1279
f 1804/2099/1818 1235/1427/1278 1236/1428/1279 1816/2112/1830
f 1250/1447/1293 1235/1427/1278 1804/2099/1818 1805/2100/1819
f 1805/2100/1819 1239/1430/1281 1250/1447/1293
f 1238/1431/1282 1806/2101/1820 1240/1432/1283
f 1240/1432/1283 1806/2101/1820 1807/2102/1821 1817/2113/1831
f 1807/2102/1821 1808/2103/1822 1818/2114/1832 1817/2113/1831
f 1818/2114/1832 1808/2103/1822 1809/2104/1823 1819/2115/1833
f 1810/2105/1824 1820/2116/1834 1819/2115/1833 1809/2104/1823
f 1820/2116/1834 1810/2105/1824 1811/2106/1825 1821/2117/1835
f 1812/2107/1826 1822/2118/1836 1821/2117/1835 1811/2106/1825
f 1813/2108/1827 1823/2119/1837 1822/2118/1836 1812/2107/1826
f 1823/2120/1837 1813/2110/1827 1824/2121/1838
f 1242/1434/1285 1814/2109/1828 1815/2111/1829 1237/1429/1280
f 1202/1394/1245 1825/2122/1839 1823/2120/1837 1243/1435/1286
f 1825/2122/1839 1202/1394/1245 1245/2123/1289 1826/2124/1840
f 1822/2118/1836 1823/2119/1837 1825/2125/1839 1827/2126/1841
f 1826/2127/1840 1827/2126/1841 1825/2125/1839
f 1828/2128/1842 1820/2116/1834 1821/2117/1835 1829/2129/1843
f 1829/2129/1843 1821/2117/1835 1822/2118/1836 1827/2126/1841
f 1829/2129/1843 1827/2126/1841 1830/2130/1844
f 1828/2128/1842 1831/2131/1845 1819/2115/1833 1820/2116/1834
f 1831/2131/1845 1832/2132/1846 1818/2114/1832 1819/2115/1833
f 1833/2133/1847 1817/2113/1831 1818/2114/1832 1832/2132/1846
f 1817/2113/1831 1833/2133/1847 1232/1423/1274
f 1233/1425/1276 1231/1424/1275 1833/2133/1847 1834/2134/1848
f 1234/1426/1277 1233/1425/1276 1834/2134/1848 1835/2135/1849
f 1833/2133/1847 1832/2132/1846 1834/2134/1848
f 1832/2132/1846 1831/2131/1845 1835/2135/1849 1834/2134/1848
f 1836/2136/1850 1828/2128/1842 1829/2129/1843 1837/2137/1851
f 1835/2135/1849 1831/2131/1845 1838/2138/1852
f 1829/2129/1843 1830/2130/1844 1837/2137/1851
f 1240/1432/1283 1817/2113/1831 1232/1423/1274
f 1209/1401/1252 1200/1393/1244 1199/1390/1241 1197/1388/1239
f 1203/1396/1247 1230/1422/1273 1207/1399/1250 1194/1387/1238
f 1838/2138/1852 1828/2128/1842 1836/2136/1850
f 1839/2139/1853 1234/1426/1277 1835/2135/1849 1838/2138/1852
f 1841/2140/1854 1836/2136/1850 1837/2137/1851 1840/2141/1855
f 1841/2140/1854 1839/2139/1853 1838/2138/1852 1836/2136/1850
f 1840/2141/1855 1837/2137/1851 1830/2130/1844 1842/2142/1856
f 1842/2142/1856 1830/2130/1844 1826/2127/1840
f 1839/2139/1853 1249/1446/1292 1230/1422/1273 1234/1426/1277
f 1248/1443/1291 1249/1446/1292 1839/2139/1853 1841/2140/1854
f 1247/1441/1290 1248/1443/1291 1841/2140/1854 1840/2141/1855
f 1246/1439/1288 1247/1441/1290 1840/2141/1855 1842/2142/1856
f 1245/1440/1289 1246/1439/1288 1842/2142/1856 1826/2127/1840
f 1824/2121/1838 1814/2109/1828 1242/1434/1285 1244/1436/1287
f 1243/1435/1286 1823/2120/1837 1824/2121/1838 1244/1436/1287
f 1813/2110/1827 1814/2109/1828 1824/2121/1838
f 1241/1433/1284 1243/1435/1286 1244/1436/1287
f 1238/1431/1282 1805/2100/1819 1806/2101/1820
f 1833/2133/1847 1231/1424/1275 1232/1423/1274
f 1805/2100/1819 1238/1431/1282 1239/1430/1281
f 1046/1216/1095 1072/1243/1122 1034/1204/1084
f 1184/1376/1227 1047/1217/1096 1034/1204/1084
f 1725/2003/1736 1729/2010/1742 1701/2009/1714 1705/2011/1717
f 1838/2138/1852 1831/2131/1845 1828/2128/1842
f 1826/2127/1840 1830/2130/1844 1827/2126/1841
f 1201/1392/1243 1198/1391/1242 1199/1390/1241
f 1211/1402/1253 1215/1407/1258 1241/1433/1284
f 1200/1393/1244 1245/2123/1289 1202/1394/1245
f 1198/1391/1242 1201/1392/1243 1215/1407/1258
f 1243/1435/1286 1215/1407/1258 1201/1392/1243
f 951/1132/1014 950/1131/1013 962/1138/1020
f 969/1143/1025 966/1141/1023 962/1138/1020
f 963/1139/1021 962/1138/1020 950/1131/1013
f 986/74/74 977/64/64 976/1149/1031
f 990/78/78 986/74/74 987/1158/1040
f 1055/1225/1104 1041/1211/1090 939/1120/1002
f 938/1119/1001 1040/1210/1089 1054/1224/1103
f 937/1118/1000 1039/1209/1088 1040/1210/1089
f 1094/1269/1141 1169/1358/1210 1853/1360/1212
f 1168/1356/1209 1171/1363/1215 1173/1365/1216
f 1162/1349/1204 1173/2057/1216 1167/1355/1208
f 1171/1363/1215 1172/1362/1214 1092/1267/1139
f 1021/1192/1074 1016/1188/1070 1018/1190/1072
f 1019/1189/1071 1086/2143/1132 1020/1191/1073
f 1166/1354/1207 1165/1353/1206 1152/1337/1195
f 1251/1467/1296 1267/1463/1309 1268/1462/1308
f 1268/1462/1308 1265/1465/1311 1264/1468/1306
f 1655/1911/1670 1658/1914/1672 716/858/779
f 1655/1911/1670 1656/1913/1671 1657/1915/1673
f 726/868/789 727/870/791 1666/1924/1681
f 1645/1902/1662 1638/1895/1657 1630/1887/1650
f 1630/1887/1650 1626/1882/1646 1627/1883/1647
f 1047/1217/1096 1036/1205/1085 1029/1199/1080
f 1029/1199/1080 1005/1174/1056 1047/1217/1096
f 1184/1376/1227 1036/1205/1085 1047/1217/1096
f 1133/1314/1178 1071/1241/1120 1070/1240/1119
f 1089/1263/1135 1086/2143/1132 1019/1189/1071
f 1148/1334/1190 1152/1337/1195 1149/1332/1192
f 91/102/102 94/107/107 93/110/110 1843/106/106
f 93/110/110 163/186/182 1844/189/185 1843/106/106
f 163/195/182 171/198/192 170/286/272 1844/200/185
f 1013/1183/1065 1015/1185/1067 1845/1186/1068
f 1845/1186/1068 1015/1185/1067 1090/1266/1138 1846/1264/1136
f 1846/1275/1136 1851/2056/1785 1097/1276/1145
f 91/102/102 92/105/105 1847/104/104
f 92/105/105 162/188/184 1848/191/187 1847/104/104
f 162/199/184 1854/201/193 1855/288/273 1848/287/187
f 1013/1183/1065 1014/1182/1064 1849/1184/1066
f 1849/1184/1066 1014/1182/1064 1091/1270/1142 1850/1265/1137
f 1846/1275/1136 1090/2144/1138 1851/2056/1785
f 1851/2056/1785 1090/2144/1138 1850/2145/1137 1852/1361/1213
f 1852/1361/1213 1850/2145/1137 1853/1360/1212
f 1853/1360/1212 1091/1270/1142 1094/1269/1141
f 1844/200/185 170/286/272 1854/201/193
f 1854/201/193 170/286/272 1855/288/273
f 1855/288/273 240/285/271 1856/289/274
f 1856/289/274 240/285/271 167/194/190
f 1855/288/273 170/286/272 240/285/271
f 1850/2145/1137 1091/1270/1142 1853/1360/1212
